inci,nombre_es,nombre_en,cas,ec,funciones,restriccion,rango_uso,que_es,evidencia,origen,fuente,categoria,precauciones,parte_usada,verificado
"Prunus Amygdalus Dulcis Oil","Aceite de almendras dulces",,,,"{""Emoliente"",""Nutritivo""}","","5-100% según el producto","Aceite ligero de tacto sedoso, rico en ácido oleico (~62-75%) y linoleico. El emoliente vegetal más versátil para piel, masaje y desmaquillantes.",,floema,"Referencia general de formulación; borrador por verificar con la ficha del proveedor y la biblioteca","Aceites vegetales","Evitar si hay alergia a frutos secos","",false
"Prunus Armeniaca Kernel Oil","Aceite de damasco (carozo de damasco)",,,,"{""Emoliente""}","","5-100%","Aceite ligero de absorción rápida, parecido al de almendras, con ácido oleico y linoleico. Se usa en piel delicada y rostro.",,floema,"Referencia general de formulación; borrador por verificar con la ficha del proveedor y la biblioteca","Aceites vegetales","Evitar si hay alergia a frutos secos o a las rosáceas","",false
"Persea Gratissima Oil","Aceite de palta (aguacate)",,,,"{""Emoliente"",""Nutritivo""}","","5-50%","Aceite denso, con ácido oleico y una fracción insaponificable rica en esteroles y tocoferoles. Muy nutritivo.",,floema,"Referencia general de formulación; borrador por verificar con la ficha del proveedor y la biblioteca","Aceites vegetales","Pesado en rostro graso: mejor para cuerpo, manos y cabello","",false
"Simmondsia Chinensis Seed Oil","Aceite de jojoba",,,,"{""Emoliente"",""Acondicionador de piel""}","","5-100%","Técnicamente una cera líquida (ésteres de cera), muy estable y que no se enrancia con facilidad. Su estructura se parece al sebo de la piel.",,floema,"Referencia general de formulación; borrador por verificar con la ficha del proveedor y la biblioteca","Aceites vegetales","","",false
"Argania Spinosa Kernel Oil","Aceite de argán",,,,"{""Emoliente"",""Antioxidante"",""Nutritivo""}","","2-100%","Rico en ácido oleico y linoleico, con tocoferoles. Nutritivo y de buena extensión, usado en piel madura y cabello.",,floema,"Referencia general de formulación; borrador por verificar con la ficha del proveedor y la biblioteca","Aceites vegetales","","",false
"Rosa Rubiginosa Seed Oil","Aceite de rosa mosqueta",,,,"{""Emoliente"",""Regenerador"",""Antioxidante""}","","2-20% o puro","Aceite de semilla rico en ácidos linoleico y alfa-linolénico. Se usa en piel seca, marcas y piel madura. Se oxida con facilidad.",,floema,"Referencia general de formulación; borrador por verificar con la ficha del proveedor y la biblioteca","Aceites vegetales","Termosensible y de vida corta: guardar refrigerado, agregar bajo 38 °C","",false
"Rosa Canina Fruit Oil","Aceite de escaramujo (rosa canina)",,,,"{""Emoliente"",""Regenerador"",""Antioxidante""}","","2-20% o puro","Aceite de escaramujo, de composición parecida a la mosqueta. Rico en ácidos grasos poliinsaturados.",,floema,"Referencia general de formulación; borrador por verificar con la ficha del proveedor y la biblioteca","Aceites vegetales","Se enrancia con rapidez: refrigerar","",false
"Helianthus Annuus Seed Oil","Aceite de girasol",,,,"{""Emoliente""}","","5-100%","Rico en linoleico (el común) o en oleico (el alto oleico, más estable). Económico y versátil para macerados y aceites de masaje.",,floema,"Referencia general de formulación; borrador por verificar con la ficha del proveedor y la biblioteca","Aceites vegetales","El común se enrancia rápido: prefiere el alto oleico","",false
"Olea Europaea Fruit Oil","Aceite de oliva",,,,"{""Emoliente"",""Nutritivo""}","","5-100%","Con ~55-80% de ácido oleico y trazas de escualeno y polifenoles. Nutritivo y de tacto rico. Base clásica de jabones de castilla y bálsamos.",,floema,"Referencia general de formulación; borrador por verificar con la ficha del proveedor y la biblioteca","Aceites vegetales","Pesado en rostro graso. El virgen extra tiene aroma marcado","",false
"Cocos Nucifera Oil","Aceite de coco",,,,"{""Emoliente"",""Acondicionador capilar""}","","5-30%","Rico en ácido láurico (~45-52%). Sólido bajo ~24 °C. Muy estable, con actividad antimicrobiana propia del láurico. Base de jabones y desodorantes.",,floema,"Referencia general de formulación; borrador por verificar con la ficha del proveedor y la biblioteca","Aceites vegetales","Puede ser comedogénico en rostro de piel grasa","",false
"Caprylic/Capric Triglyceride","Aceite de coco fraccionado (triglicérido caprílico/cáprico)",,,,"{""Emoliente"",""Disolvente"",""Vehículo""}","","2-100%","Fracción líquida de ácidos grasos de cadena media del coco. Ligero, sin olor, muy estable y de absorción rápida. Disuelve aceites esenciales y activos liposolubles.",,floema,"Referencia general de formulación; borrador por verificar con la ficha del proveedor y la biblioteca","Aceites vegetales","","",false
"Ricinus Communis Seed Oil","Aceite de ricino",,,,"{""Emoliente"",""Humectante"",""Brillo""}","","5-15%","~90% ácido ricinoleico, un ácido graso hidroxilado único. Espesa los aceites y da brillo; imprescindible en labiales.",,floema,"Referencia general de formulación; borrador por verificar con la ficha del proveedor y la biblioteca","Aceites vegetales","Sobre ~20% se siente pegajoso. La semilla es tóxica pero el aceite refinado es seguro","",false
"Sesamum Indicum Seed Oil","Aceite de sésamo",,,,"{""Emoliente"",""Antioxidante""}","","5-100%","Con ácidos oleico y linoleico y antioxidantes propios (sesamol, sesamina) que lo hacen estable. Aceite clásico del masaje ayurvédico.",,floema,"Referencia general de formulación; borrador por verificar con la ficha del proveedor y la biblioteca","Aceites vegetales","Alérgeno frecuente. Sin refinar tiene aroma marcado","",false
"Vitis Vinifera Seed Oil","Aceite de semilla de uva",,,,"{""Emoliente""}","","5-100%","Muy ligero, con ~65-75% de ácido linoleico. Se absorbe rápido y deja tacto seco: buen aliado de pieles mixtas y grasas.",,floema,"Referencia general de formulación; borrador por verificar con la ficha del proveedor y la biblioteca","Aceites vegetales","Se enrancia con facilidad: guardar frío y con vitamina E","",false
"Corylus Avellana Seed Oil","Aceite de avellana",,,,"{""Emoliente""}","","5-100%","Con ~70-80% de ácido oleico. Ligero, de absorción rápida y tacto seco, usado en piel mixta.",,floema,"Referencia general de formulación; borrador por verificar con la ficha del proveedor y la biblioteca","Aceites vegetales","Evitar si hay alergia a frutos secos","",false
"Macadamia Ternifolia Seed Oil","Aceite de macadamia",,,,"{""Emoliente"",""Nutritivo""}","","5-100%","Rico en ácido palmitoleico (~15-25%), presente en el sebo de la piel joven. Nutritivo, de buena extensión y muy estable.",,floema,"Referencia general de formulación; borrador por verificar con la ficha del proveedor y la biblioteca","Aceites vegetales","Evitar si hay alergia a frutos secos","",false
"Oenothera Biennis Oil","Aceite de onagra",,,,"{""Emoliente"",""Calmante""}","","2-20%","~70% de ácido linoleico y 8-10% de ácido gamma-linolénico (GLA). Se usa en piel seca y reactiva.",,floema,"Referencia general de formulación; borrador por verificar con la ficha del proveedor y la biblioteca","Aceites vegetales","Se oxida rápido: refrigerar","",false
"Borago Officinalis Seed Oil","Aceite de borraja",,,,"{""Emoliente"",""Calmante""}","","2-20%","Una de las fuentes más ricas de ácido gamma-linolénico (~20-25%). Se usa en piel seca y madura.",,floema,"Referencia general de formulación; borrador por verificar con la ficha del proveedor y la biblioteca","Aceites vegetales","Se oxida rápido: refrigerar","",false
"Plukenetia Volubilis Seed Oil","Aceite de sacha inchi",,,,"{""Emoliente"",""Nutritivo""}","","2-20%","Semilla amazónica con ~45-50% de ácido alfa-linolénico (omega-3) y ~35% de linoleico. Muy ligero.",,floema,"Referencia general de formulación; borrador por verificar con la ficha del proveedor y la biblioteca","Aceites vegetales","Se oxida muy rápido: frasco oscuro, refrigerado y vida corta","",false
"Calophyllum Inophyllum Seed Oil","Aceite de tamanu",,,,"{""Emoliente"",""Cicatrizante""}","","1-10%","Aceite verde oscuro, viscoso y de aroma fuerte, tradicional de la Polinesia. Se usa en cicatrices y piel dañada; se le atribuye acción cicatrizante y hay estudios preliminares.",,floema,"Referencia general de formulación; borrador por verificar con la ficha del proveedor y la biblioteca","Aceites vegetales","Olor y color intensos. Haz prueba de parche; evitar si hay alergia a frutos secos","",false
"Carthamus Tinctorius Seed Oil","Aceite de cártamo",,,,"{""Emoliente""}","","5-100%","Muy ligero. Hay variedad rica en linoleico (más inestable) y rica en oleico (más estable).",,floema,"Referencia general de formulación; borrador por verificar con la ficha del proveedor y la biblioteca","Aceites vegetales","Elegir la variedad alto oleico para mayor estabilidad","",false
"Linum Usitatissimum Seed Oil","Aceite de linaza (lino)",,,,"{""Emoliente""}","","1-10%","Muy rico en ácido alfa-linolénico (~50-60%). Se seca (polimeriza) con rapidez.",,floema,"Referencia general de formulación; borrador por verificar con la ficha del proveedor y la biblioteca","Aceites vegetales","Se enrancia muy rápido: refrigerar y usar poco","",false
"Cannabis Sativa Seed Oil","Aceite de semilla de cáñamo",,,,"{""Emoliente"",""Calmante""}","","2-20%","Rico en linoleico y alfa-linolénico, con algo de gamma-linolénico. No contiene cannabinoides en cantidad relevante.",,floema,"Referencia general de formulación; borrador por verificar con la ficha del proveedor y la biblioteca","Aceites vegetales","Se oxida rápido: refrigerar. Revisa la normativa de tu país","",false
"Camellia Oleifera Seed Oil","Aceite de camelia",,,,"{""Emoliente""}","","5-100%","Rico en ácido oleico (~75-85%), ligero y de absorción rápida. Usado tradicionalmente en cabello y piel en Asia.",,floema,"Referencia general de formulación; borrador por verificar con la ficha del proveedor y la biblioteca","Aceites vegetales","","",false
"Gevuina Avellana Seed Oil","Aceite de avellano chileno (gevuina)",,,,"{""Emoliente"",""Antioxidante""}","","5-100%","Aceite de semilla del avellano chileno, rico en ácido oleico y palmitoleico. Ligero, de buena extensión; ingrediente de la flora nativa.",,floema,"Referencia general de formulación; borrador por verificar con la ficha del proveedor y la biblioteca","Aceites vegetales","Evitar si hay alergia a frutos secos","",false
"Ugni Molinae Seed Oil","Aceite de semilla de murtilla",,,,"{""Emoliente"",""Antioxidante""}","","2-20%","Aceite de la semilla de la murtilla, rico en ácidos grasos poliinsaturados y tocoferoles. Producto emergente de la flora nativa.",,floema,"Referencia general de formulación; borrador por verificar con la ficha del proveedor y la biblioteca","Aceites vegetales","Información técnica limitada: pedir ficha al proveedor","",false
"Rubus Idaeus Seed Oil","Aceite de semilla de frambuesa",,,,"{""Emoliente"",""Antioxidante""}","","2-20%","Rico en linoleico y alfa-linolénico, con tocoferoles y carotenoides. Se usa en cremas para piel seca.",,floema,"Referencia general de formulación; borrador por verificar con la ficha del proveedor y la biblioteca","Aceites vegetales","Se oxida rápido: refrigerar","",false
"Punica Granatum Seed Oil","Aceite de semilla de granada",,,,"{""Emoliente"",""Antioxidante""}","","1-10%","Rico en ácido púnico (un ácido graso conjugado poco común). Se usa en piel madura.",,floema,"Referencia general de formulación; borrador por verificar con la ficha del proveedor y la biblioteca","Aceites vegetales","Se oxida rápido: refrigerar","",false
"Hippophae Rhamnoides Fruit Oil","Aceite de espino amarillo (sea buckthorn)",,,,"{""Emoliente"",""Antioxidante"",""Colorante""}","","1-5%","Aceite naranja intenso, rico en carotenoides y ácido palmitoleico. Se usa en piel dañada o seca.",,floema,"Referencia general de formulación; borrador por verificar con la ficha del proveedor y la biblioteca","Aceites vegetales","Tiñe la piel y la ropa. Haz prueba de parche","",false
"Oryza Sativa Bran Oil","Aceite de salvado de arroz",,,,"{""Emoliente"",""Antioxidante""}","","5-100%","Contiene gamma-orizanol y tocotrienoles, antioxidantes. Ligero y estable.",,floema,"Referencia general de formulación; borrador por verificar con la ficha del proveedor y la biblioteca","Aceites vegetales","","",false
"Glycine Soja Oil","Aceite de soya",,,,"{""Emoliente""}","","5-100%","Aceite rico en linoleico, económico y ligero. Base común de cremas y macerados.",,floema,"Referencia general de formulación; borrador por verificar con la ficha del proveedor y la biblioteca","Aceites vegetales","Evitar si hay alergia a la soya","",false
"Zea Mays Germ Oil","Aceite de germen de maíz",,,,"{""Emoliente""}","","5-100%","Rico en linoleico y tocoferoles. Ligero y económico.",,floema,"Referencia general de formulación; borrador por verificar con la ficha del proveedor y la biblioteca","Aceites vegetales","","",false
"Sclerocarya Birrea Seed Oil","Aceite de marula",,,,"{""Emoliente"",""Antioxidante""}","","5-100%","Rico en ácido oleico (~70-78%) y antioxidantes. Ligero, de absorción rápida y estable.",,floema,"Referencia general de formulación; borrador por verificar con la ficha del proveedor y la biblioteca","Aceites vegetales","Evitar si hay alergia a frutos secos","",false
"Adansonia Digitata Seed Oil","Aceite de baobab",,,,"{""Emoliente"",""Nutritivo""}","","5-100%","Con ácidos oleico, linoleico y palmítico y vitaminas liposolubles. Nutritivo y de buena extensión.",,floema,"Referencia general de formulación; borrador por verificar con la ficha del proveedor y la biblioteca","Aceites vegetales","","",false
"Nigella Sativa Seed Oil","Aceite de comino negro",,,,"{""Emoliente"",""Antiinflamatorio""}","","1-10%","Contiene timoquinona. De aroma fuerte; se estudia por su actividad antiinflamatoria y antimicrobiana.",,floema,"Referencia general de formulación; borrador por verificar con la ficha del proveedor y la biblioteca","Aceites vegetales","Puede irritar o sensibilizar la piel. Haz prueba de parche","",false
"Moringa Oleifera Seed Oil","Aceite de moringa (ben)",,,,"{""Emoliente""}","","5-100%","Rico en ácido oleico (~70%) y muy estable. Ligero y de absorción rápida.",,floema,"Referencia general de formulación; borrador por verificar con la ficha del proveedor y la biblioteca","Aceites vegetales","","",false
"Prunus Persica Kernel Oil","Aceite de carozo de durazno",,,,"{""Emoliente""}","","5-100%","Ligero, parecido al de damasco y al de almendras. Rico en oleico y linoleico.",,floema,"Referencia general de formulación; borrador por verificar con la ficha del proveedor y la biblioteca","Aceites vegetales","Evitar si hay alergia a frutos secos o a las rosáceas","",false
"Daucus Carota Sativa Root Extract","Macerado oleoso de zanahoria",,,,"{""Emoliente"",""Antioxidante"",""Colorante""}","","5-50%","Zanahoria macerada en aceite: aporta betacarotenos y color. Se usa en bronceadores y cremas nutritivas.",,floema,"Referencia general de formulación; borrador por verificar con la ficha del proveedor y la biblioteca","Aceites vegetales","Tiñe la piel. No protege del sol por sí solo","",false
"Squalane","Escualano",,,,"{""Emoliente"",""Acondicionador de piel""}","","1-30%","Hidrocarburo saturado de origen vegetal (oliva, caña de azúcar) o de tiburón. Ultraligero, estable y no comedogénico; refuerza la barrera cutánea.",,floema,"Referencia general de formulación; borrador por verificar con la ficha del proveedor y la biblioteca","Aceites vegetales","Elige el de origen vegetal","",false
"Squalene","Escualeno",,,,"{""Emoliente"",""Antioxidante""}","","1-5%","Hidrocarburo insaturado presente en el sebo humano y en el aceite de oliva. Se oxida con facilidad; por eso se usa más el escualano.",,floema,"Referencia general de formulación; borrador por verificar con la ficha del proveedor y la biblioteca","Aceites vegetales","Se oxida: refrigerar y agregar antioxidante","",false
"Niacinamide","Niacinamida (vitamina B3)",,,,"{""Seborregulador"",""Antiedad"",""Aclarante"",""Acondicionador de piel""}","","2-5% (hasta 10%)","El activo multiuso. Mejora la barrera cutánea, regula el sebo y afina el aspecto del poro, y atenúa manchas al frenar la transferencia de melanina a los queratinocitos.",,floema,"Referencia general de formulación; borrador por verificar con la ficha del proveedor y la biblioteca","Activos cosméticos","Más de 10% puede enrojecer en piel sensible. Estable en pH 5-7","",false
"Ascorbic Acid","Vitamina C (ácido ascórbico)",,,,"{""Antioxidante"",""Aclarante"",""Antiedad""}","","5-15% a pH menor de 3.5","Forma pura de la vitamina C. Antioxidante potente y cofactor de la síntesis de colágeno; muy inestable al aire, la luz y el agua.",,floema,"Referencia general de formulación; borrador por verificar con la ficha del proveedor y la biblioteca","Activos cosméticos","Se oxida y se vuelve amarillo/marrón: frasco oscuro, poca cantidad, preferir uso nocturno y protector solar de día","",false
"Sodium Ascorbyl Phosphate","Fosfato ascorbil de sodio",,,,"{""Antioxidante"",""Aclarante""}","","1-5% a pH 6-7","Derivado estable de la vitamina C, soluble en agua. Más suave que el ácido ascórbico.",,floema,"Referencia general de formulación; borrador por verificar con la ficha del proveedor y la biblioteca","Activos cosméticos","","",false
"Magnesium Ascorbyl Phosphate","Fosfato ascorbil de magnesio",,,,"{""Antioxidante"",""Aclarante""}","","1-5% a pH 6-7","Derivado estable de la vitamina C, soluble en agua y bien tolerado.",,floema,"Referencia general de formulación; borrador por verificar con la ficha del proveedor y la biblioteca","Activos cosméticos","","",false
"Ascorbyl Glucoside","Ascorbil glucósido",,,,"{""Antioxidante"",""Aclarante""}","","2-5%","Vitamina C unida a glucosa, estable y suave. Se libera con una enzima de la piel.",,floema,"Referencia general de formulación; borrador por verificar con la ficha del proveedor y la biblioteca","Activos cosméticos","","",false
"Tocopherol","Vitamina E (tocoferol)",,,,"{""Antioxidante"",""Vitamina""}","","0.1-1% como antioxidante de la fórmula","Antioxidante liposoluble. Protege los aceites del enranciamiento y la piel del estrés oxidativo.",,floema,"Referencia general de formulación; borrador por verificar con la ficha del proveedor y la biblioteca","Activos cosméticos","No es un conservante microbiano","",false
"Tocopheryl Acetate","Acetato de tocoferilo",,,,"{""Antioxidante"",""Vitamina""}","","0.5-2%","Forma estable y esterificada de la vitamina E, más resistente a la oxidación.",,floema,"Referencia general de formulación; borrador por verificar con la ficha del proveedor y la biblioteca","Activos cosméticos","","",false
"Retinyl Palmitate","Palmitato de retinilo (vitamina A)",,,,"{""Antiedad"",""Vitamina""}","","0.1-1%","Éster de la vitamina A, la forma más suave. Se convierte en retinol en la piel de forma gradual.",,floema,"Referencia general de formulación; borrador por verificar con la ficha del proveedor y la biblioteca","Activos cosméticos","Evitar en embarazo. Fotosensibiliza: usar de noche","",false
"Bakuchiol","Bakuchiol",,,,"{""Antiedad""}","","0.5-1%","Compuesto vegetal usado como alternativa al retinol. Un ensayo clínico aleatorizado comparó bakuchiol 0.5% con retinol 0.5%: mejoró arrugas y pigmentación de forma similar y con menos irritación.",,floema,"Referencia general de formulación; borrador por verificar con la ficha del proveedor y la biblioteca","Activos cosméticos","Liposoluble","",false
"Salicylic Acid","Ácido salicílico (BHA)",,,,"{""Queratolítico"",""Exfoliante"",""Antimicrobiano""}","UE: 2% en productos que se dejan (3% en capilares que se enjuagan); no para menores de 3 años. Verifica la normativa de tu país","0.5-2% a pH 3-4","Beta-hidroxiácido liposoluble que entra en el poro y disuelve el tapón de sebo y células muertas. Base de los productos para piel grasa y con acné.",,floema,"Referencia general de formulación; borrador por verificar con la ficha del proveedor y la biblioteca","Activos cosméticos","Evitar en embarazo y en alergia a la aspirina. Fotosensibiliza: protector solar de día","",false
"Glycolic Acid","Ácido glicólico (AHA)",,,,"{""Exfoliante"",""Queratolítico""}","","5-10% a pH 3.5-4","AHA de molécula pequeña: penetra con facilidad, exfolia y renueva. El más potente (e irritante) de los AHA de uso cosmético.",,floema,"Referencia general de formulación; borrador por verificar con la ficha del proveedor y la biblioteca","Activos cosméticos","Fotosensibiliza: uso nocturno y protector solar de día","",false
"Lactic Acid","Ácido láctico (AHA)",,,,"{""Exfoliante"",""Regulador de pH"",""Humectante""}","","2-10% a pH 3.5-4; 0.1-0.5% como regulador","AHA más suave que el glicólico; además humecta y regula el pH de la fórmula.",,floema,"Referencia general de formulación; borrador por verificar con la ficha del proveedor y la biblioteca","Activos cosméticos","Fotosensibiliza: protector solar de día","",false
"Mandelic Acid","Ácido mandélico (AHA)",,,,"{""Exfoliante""}","","5-10% a pH 3.5-4","AHA de molécula grande: penetra más lento y es más suave. Se elige para piel sensible o con manchas leves.",,floema,"Referencia general de formulación; borrador por verificar con la ficha del proveedor y la biblioteca","Activos cosméticos","Fotosensibiliza: protector solar de día","",false
"Azelaic Acid","Ácido azelaico",,,,"{""Antimicrobiano"",""Aclarante"",""Antiinflamatorio""}","","5-10%","Ácido dicarboxílico usado en acné, rosácea y manchas. Poco soluble: cuesta formularlo bien en casa.",,floema,"Referencia general de formulación; borrador por verificar con la ficha del proveedor y la biblioteca","Activos cosméticos","Puede picar al inicio","",false
"Malic Acid","Ácido málico",,,,"{""Exfoliante"",""Regulador de pH""}","","1-5%","AHA de las manzanas, suave. Se usa como regulador de pH y exfoliante en conjunto con otros AHA.",,floema,"Referencia general de formulación; borrador por verificar con la ficha del proveedor y la biblioteca","Activos cosméticos","Fotosensibiliza","",false
"Gluconolactone","Gluconolactona (PHA)",,,,"{""Exfoliante"",""Antioxidante"",""Humectante""}","","2-10%","Poli-hidroxiácido de molécula grande: exfolia con muy poca irritación y humecta.",,floema,"Referencia general de formulación; borrador por verificar con la ficha del proveedor y la biblioteca","Activos cosméticos","","",false
"Phytic Acid","Ácido fítico",,,,"{""Quelante"",""Antioxidante"",""Exfoliante""}","","0.1-2%","Se extrae de semillas y salvado. Quelante y antioxidante suave; se usa en peelings con AHA.",,floema,"Referencia general de formulación; borrador por verificar con la ficha del proveedor y la biblioteca","Activos cosméticos","","",false
"Kojic Acid","Ácido kójico",,,,"{""Despigmentante""}","","1-2%","Inhibe la tirosinasa y aclara manchas. Inestable a luz y calor.",,floema,"Referencia general de formulación; borrador por verificar con la ficha del proveedor y la biblioteca","Activos cosméticos","Puede sensibilizar. Está regulado en varios países: revisa tu normativa","",false
"Alpha-Arbutin","Alfa-arbutina",,,,"{""Despigmentante"",""Aclarante""}","","0.5-2% a pH 5-7","Inhibe la tirosinasa, la enzima que fabrica melanina: aclara manchas de forma gradual.",,floema,"Referencia general de formulación; borrador por verificar con la ficha del proveedor y la biblioteca","Activos cosméticos","Se degrada con calor y pH muy ácido","",false
"Tranexamic Acid","Ácido tranexámico",,,,"{""Despigmentante"",""Aclarante""}","","2-5%","Aminoácido sintético usado en melasma y manchas. Actúa sobre la vía plasmina-melanocito.",,floema,"Referencia general de formulación; borrador por verificar con la ficha del proveedor y la biblioteca","Activos cosméticos","","",false
"Caffeine","Cafeína",,,,"{""Descongestionante"",""Antioxidante"",""Estimulante""}","","0.5-3% en la fase acuosa caliente","Alcaloide hidrosoluble. Sobre la piel actúa como antioxidante y vasoconstrictor leve: descongestiona y da efecto tensor pasajero. En cuero cabelludo hay estudios que muestran que prolonga la fase anágena.",,floema,"Referencia general de formulación; borrador por verificar con la ficha del proveedor y la biblioteca","Activos cosméticos","Sobre ~3% puede cristalizar al enfriar. El efecto reafirmante duradero no está bien demostrado","",false
"Ceramide NP","Ceramida NP",,,,"{""Acondicionador de piel"",""Regenerador""}","","0.1-1%","Lípido que forma el ""cemento"" de la barrera cutánea. Al aplicarlo repone lo que la piel pierde con la sequedad o la irritación.",,floema,"Referencia general de formulación; borrador por verificar con la ficha del proveedor y la biblioteca","Activos cosméticos","Se funde en la fase oleosa","",false
"Ubiquinone","Coenzima Q10 (ubiquinona)",,,,"{""Antioxidante"",""Antiedad""}","","0.1-1%","Antioxidante liposoluble presente en las células. Se usa en cremas antiedad.",,floema,"Referencia general de formulación; borrador por verificar con la ficha del proveedor y la biblioteca","Activos cosméticos","Colorea de amarillo-naranja","",false
"Resveratrol","Resveratrol",,,,"{""Antioxidante""}","","0.1-1%","Polifenol de uvas y otras plantas. Antioxidante potente en laboratorio; inestable a luz y aire.",,floema,"Referencia general de formulación; borrador por verificar con la ficha del proveedor y la biblioteca","Activos cosméticos","Frasco oscuro","",false
"Ferulic Acid","Ácido ferúlico",,,,"{""Antioxidante"",""Estabilizante""}","","0.5-1%","Antioxidante de las paredes celulares de cereales. Potencia y estabiliza la vitamina C y la E.",,floema,"Referencia general de formulación; borrador por verificar con la ficha del proveedor y la biblioteca","Activos cosméticos","Poco soluble: disolver en un solvente adecuado","",false
"Zinc PCA","PCA de zinc",,,,"{""Seborregulador"",""Antimicrobiano""}","","0.5-2%","Sal de zinc del PCA. Se usa para regular el sebo y reducir el brillo en piel grasa.",,floema,"Referencia general de formulación; borrador por verificar con la ficha del proveedor y la biblioteca","Activos cosméticos","","",false
"Hydrolyzed Wheat Protein","Proteína hidrolizada de trigo",,,,"{""Acondicionador capilar"",""Humectante"",""Formador de película""}","","1-5%","Se deposita en la cutícula del cabello, rellena daños y da brillo y resistencia. En piel forma una película hidratante.",,floema,"Referencia general de formulación; borrador por verificar con la ficha del proveedor y la biblioteca","Activos cosméticos","Evitar si hay alergia al gluten o al trigo","",false
"Hydrolyzed Silk","Seda hidrolizada",,,,"{""Acondicionador capilar"",""Humectante""}","","0.5-3%","Péptidos de seda que dan suavidad y brillo al cabello y a la piel.",,floema,"Referencia general de formulación; borrador por verificar con la ficha del proveedor y la biblioteca","Activos cosméticos","No es vegana","",false
"Hydrolyzed Collagen","Colágeno hidrolizado",,,,"{""Humectante"",""Formador de película""}","","1-5%","Péptidos de colágeno animal, humectantes y formadores de película. No reemplazan el colágeno de la piel.",,floema,"Referencia general de formulación; borrador por verificar con la ficha del proveedor y la biblioteca","Activos cosméticos","Origen animal","",false
"Hydrolyzed Oat Protein","Proteína hidrolizada de avena",,,,"{""Acondicionador capilar"",""Calmante""}","","1-5%","Péptidos de avena, calmantes e hidratantes. Alternativa vegetal a las proteínas de seda o trigo.",,floema,"Referencia general de formulación; borrador por verificar con la ficha del proveedor y la biblioteca","Activos cosméticos","","",false
"Hydrolyzed Keratin","Queratina hidrolizada",,,,"{""Acondicionador capilar"",""Fortalecedor capilar""}","","1-5%","Péptidos de queratina que se depositan en el cabello dañado y lo fortalecen.",,floema,"Referencia general de formulación; borrador por verificar con la ficha del proveedor y la biblioteca","Activos cosméticos","Origen animal","",false
"Bisabolol","Bisabolol",,,,"{""Calmante"",""Antiinflamatorio""}","","0.1-1%","Alcohol sesquiterpénico de la manzanilla o del árbol candeia. Su acción calmante está bien descrita en estudios de laboratorio; es el activo típico de los productos para piel sensible.",,floema,"Referencia general de formulación; borrador por verificar con la ficha del proveedor y la biblioteca","Activos cosméticos","Liposoluble: va en la fase oleosa o en frío","",false
"Madecassoside","Madecasósido",,,,"{""Cicatrizante"",""Calmante"",""Regenerador""}","","0.1-1%","Triterpeno de la centella asiática. Calma y favorece la reparación de la piel.",,floema,"Referencia general de formulación; borrador por verificar con la ficha del proveedor y la biblioteca","Activos cosméticos","","",false
"Asiaticoside","Asiaticósido",,,,"{""Cicatrizante"",""Regenerador""}","","0.1-1%","Triterpeno de la centella asiática. Estimula la reparación de la piel; estudiado en cicatrización.",,floema,"Referencia general de formulación; borrador por verificar con la ficha del proveedor y la biblioteca","Activos cosméticos","","",false
"Dipotassium Glycyrrhizate","Glicirrizinato dipotásico",,,,"{""Calmante"",""Antiinflamatorio""}","","0.1-1%","Sal del ácido glicirrícico del regaliz. Calma y reduce el enrojecimiento.",,floema,"Referencia general de formulación; borrador por verificar con la ficha del proveedor y la biblioteca","Activos cosméticos","","",false
"Copper Tripeptide-1","Péptido de cobre (GHK-Cu)",,,,"{""Antiedad"",""Cicatrizante""}","","0.01-0.1%","Péptido que se asocia con la reparación de la piel y la síntesis de colágeno en estudios de laboratorio.",,floema,"Referencia general de formulación; borrador por verificar con la ficha del proveedor y la biblioteca","Activos cosméticos","Incompatible con vitamina C y ácidos fuertes","",false
"Acetyl Hexapeptide-8","Argireline (acetil hexapéptido-8)",,,,"{""Antiedad""}","","Según la ficha del proveedor","Péptido que se promociona como ""relajante de arrugas de expresión"". La evidencia clínica es limitada.",,floema,"Referencia general de formulación; borrador por verificar con la ficha del proveedor y la biblioteca","Activos cosméticos","","",false
"Sodium Copper Chlorophyllin","Clorofilina cúprica de sodio",,,,"{""Colorante"",""Desodorante""}","","0.01-0.5%","Derivado hidrosoluble de la clorofila. Da color verde y se usa en productos desodorantes.",,floema,"Referencia general de formulación; borrador por verificar con la ficha del proveedor y la biblioteca","Activos cosméticos","Tiñe","",false
"Saccharomyces Ferment Filtrate","Filtrado de fermento de levadura",,,,"{""Acondicionador de piel"",""Antioxidante""}","","1-10%","Filtrado de levadura fermentada, rico en aminoácidos y vitaminas del complejo B.",,floema,"Referencia general de formulación; borrador por verificar con la ficha del proveedor y la biblioteca","Activos cosméticos","Necesita conservante","",false
"Lactobacillus Ferment","Fermento de lactobacilos",,,,"{""Acondicionador de piel"",""Antimicrobiano""}","","1-5%","Filtrado de bacterias lácticas. Se usa por su efecto sobre el equilibrio de la microbiota de la piel.",,floema,"Referencia general de formulación; borrador por verificar con la ficha del proveedor y la biblioteca","Activos cosméticos","Necesita conservante","",false
"Avena Sativa Kernel Flour","Avena coloidal",,,,"{""Calmante"",""Humectante"",""Protector""}","","1-2% en productos que se dejan; 10-30% en mascarillas y baños","Avena molida muy fina, con betaglucanos, lípidos y proteínas. Forma una capa protectora que calma la piel irritada o con picazón.",,floema,"Referencia general de formulación; borrador por verificar con la ficha del proveedor y la biblioteca","Activos cosméticos","En productos con agua se contamina fácil: necesita conservante","",false
"Propolis Extract","Propóleo (extracto)",,,,"{""Antimicrobiano"",""Antioxidante""}","","0.5-2% como tintura","Resina que las abejas elaboran con brotes de plantas. Tiene flavonoides y actividad antimicrobiana y antioxidante descritas en laboratorio.",,floema,"Referencia general de formulación; borrador por verificar con la ficha del proveedor y la biblioteca","Activos cosméticos","Alérgeno conocido en personas sensibles a las abejas o a los bálsamos. Prueba de parche","",false
"Royal Jelly Extract","Jalea real",,,,"{""Humectante"",""Nutritivo""}","","0.5-2%","Secreción de las abejas obreras. Aporta proteínas y azúcares; se usa en cremas nutritivas.",,floema,"Referencia general de formulación; borrador por verificar con la ficha del proveedor y la biblioteca","Activos cosméticos","Alérgeno en personas sensibles a los productos de las abejas","",false
"Menthol","Mentol",,,,"{""Refrescante"",""Antipruriginoso""}","","0.1-1%","Alcohol terpénico de la menta. Da sensación de frescor y alivio momentáneo.",,floema,"Referencia general de formulación; borrador por verificar con la ficha del proveedor y la biblioteca","Activos cosméticos","No usar cerca de los ojos ni en bebés y niños pequeños","",false
"Sulfur","Azufre",,,,"{""Queratolítico"",""Antimicrobiano""}","","1-5%","Azufre cosmético, usado desde hace décadas en acné y caspa.",,floema,"Referencia general de formulación; borrador por verificar con la ficha del proveedor y la biblioteca","Activos cosméticos","Olor y sequedad; puede irritar","",false
"Sodium Hyaluronate Crosspolymer","Ácido hialurónico entrecruzado",,,,"{""Humectante"",""Acondicionador de piel""}","","0.1-1%","Hialurónico con enlaces cruzados: retiene agua más tiempo en la superficie.",,floema,"Referencia general de formulación; borrador por verificar con la ficha del proveedor y la biblioteca","Activos cosméticos","","",false
"Buddleja Globosa Leaf Extract","Matico (chileno, Buddleja globosa)",,,,"{""Cicatrizante"",""Astringente"",""Antiinflamatorio""}","","1-5% de extracto o tintura","Arbusto del sur de Chile (Scrophulariaceae) de hojas rugosas y blanquecinas por debajo. Es el matico de uso tradicional chileno para heridas. Hay estudios preliminares con sus extractos (verbascósido, flavonoides) que muestran actividad cicatrizante y antiinflamatoria.",,floema,"Referencia general de formulación; borrador por verificar con la ficha del proveedor y la biblioteca","Extractos botánicos","OJO: no es el mismo que Piper aduncum (matico amazónico). En tu biblioteca hay pocos artículos sobre Buddleja globosa: la evidencia es limitada","",false
"Laurelia Sempervirens Leaf Extract","Triwe (trihue, Laurelia sempervirens)",,,,"{""Astringente"",""Antimicrobiano""}","","1-5% de extracto","Árbol del bosque valdiviano, de hojas aromáticas. Es la especie que aparece en tus etiquetas como triwe.",,floema,"Referencia general de formulación; borrador por verificar con la ficha del proveedor y la biblioteca","Extractos botánicos","Confirma la especie: tu ficha de planta dice Laureliopsis philippiana. Evidencia limitada","",false
"Laurus Nobilis Leaf Extract","Laurel (extracto de hoja)",,,,"{""Antioxidante"",""Antimicrobiano""}","","1-5%","Hojas del laurel mediterráneo. Contienen aceite esencial (cineol, linalool) y flavonoides.",,floema,"Referencia general de formulación; borrador por verificar con la ficha del proveedor y la biblioteca","Extractos botánicos","Puede sensibilizar","",false
"Cucumis Sativus Fruit Extract","Pepino (extracto)",,,,"{""Calmante"",""Refrescante"",""Humectante""}","","1-10%","Fruto con mucho agua y potasio; de uso tradicional para refrescar y calmar.",,floema,"Referencia general de formulación; borrador por verificar con la ficha del proveedor y la biblioteca","Extractos botánicos","Necesita conservante","",false
"Vitis Vinifera Seed Extract","Extracto de semilla de uva",,,,"{""Antioxidante""}","","0.1-1%","Rico en proantocianidinas (OPC), antioxidantes potentes en laboratorio.",,floema,"Referencia general de formulación; borrador por verificar con la ficha del proveedor y la biblioteca","Extractos botánicos","Colorea el producto","",false
"Vitis Vinifera Leaf Extract","Extracto de hoja de vid",,,,"{""Astringente"",""Antioxidante""}","","1-5%","Hojas de vid, con taninos y flavonoides. Se usan en cosmética para circulación y para piel grasa.",,floema,"Referencia general de formulación; borrador por verificar con la ficha del proveedor y la biblioteca","Extractos botánicos","","",false
"Punica Granatum Fruit Extract","Granada (extracto de fruto)",,,,"{""Antioxidante""}","","0.5-3%","Rico en ácido elágico y punicalaginas, antioxidantes potentes en laboratorio.",,floema,"Referencia general de formulación; borrador por verificar con la ficha del proveedor y la biblioteca","Extractos botánicos","Puede teñir","",false
"Vaccinium Myrtillus Fruit Extract","Arándano (extracto)",,,,"{""Antioxidante"",""Colorante""}","","0.5-3%","Rico en antocianinas, antioxidantes.",,floema,"Referencia general de formulación; borrador por verificar con la ficha del proveedor y la biblioteca","Extractos botánicos","Cambia de color con el pH","",false
"Vaccinium Macrocarpon Fruit Extract","Arándano rojo (cranberry)",,,,"{""Antioxidante"",""Astringente""}","","0.5-3%","Rico en proantocianidinas y ácidos orgánicos.",,floema,"Referencia general de formulación; borrador por verificar con la ficha del proveedor y la biblioteca","Extractos botánicos","","",false
"Carica Papaya Fruit Extract","Papaya (papaína)",,,,"{""Exfoliante"",""Queratolítico""}","","1-5%","Contiene la enzima papaína, que descompone proteínas y exfolia suavemente la piel.",,floema,"Referencia general de formulación; borrador por verificar con la ficha del proveedor y la biblioteca","Extractos botánicos","Puede sensibilizar; evitar en alergia al látex","",false
"Ananas Comosus Fruit Extract","Piña (bromelina)",,,,"{""Exfoliante"",""Queratolítico""}","","1-5%","Contiene bromelina, enzima que descompone proteínas y exfolia suavemente.",,floema,"Referencia general de formulación; borrador por verificar con la ficha del proveedor y la biblioteca","Extractos botánicos","Puede irritar piel sensible","",false
"Eucalyptus Globulus Leaf Extract","Eucalipto (extracto de hoja)",,,,"{""Antimicrobiano"",""Astringente""}","","1-5%","Hojas del eucalipto con cineol y taninos.",,floema,"Referencia general de formulación; borrador por verificar con la ficha del proveedor y la biblioteca","Extractos botánicos","","",false
"Juniperus Communis Fruit Extract","Enebro (extracto de fruto)",,,,"{""Astringente""}","","1-3%","Frutos del enebro, usados tradicionalmente en productos para piel grasa y circulación.",,floema,"Referencia general de formulación; borrador por verificar con la ficha del proveedor y la biblioteca","Extractos botánicos","Evitar en embarazo","",false
"Hedera Helix Leaf Extract","Hiedra (extracto)",,,,"{""Tonificante""}","","1-5%","Hojas de hiedra con saponinas; se usa en productos anticelulíticos.",,floema,"Referencia general de formulación; borrador por verificar con la ficha del proveedor y la biblioteca","Extractos botánicos","Puede sensibilizar","",false
"Aesculus Hippocastanum Seed Extract","Castaño de Indias",,,,"{""Astringente"",""Descongestionante""}","","1-5%","Contiene escina; usado en productos para piernas cansadas.",,floema,"Referencia general de formulación; borrador por verificar con la ficha del proveedor y la biblioteca","Extractos botánicos","Evitar en piel con heridas","",false
"Ruscus Aculeatus Root Extract","Rusco",,,,"{""Descongestionante"",""Tonificante""}","","1-5%","Contiene ruscogeninas; usado en productos para circulación y contorno de ojos.",,floema,"Referencia general de formulación; borrador por verificar con la ficha del proveedor y la biblioteca","Extractos botánicos","","",false
"Portulaca Oleracea Extract","Verdolaga (extracto)",,,,"{""Calmante"",""Antioxidante""}","","1-5%","Planta comestible, rica en omega-3 y antioxidantes; de uso en pieles sensibles.",,floema,"Referencia general de formulación; borrador por verificar con la ficha del proveedor y la biblioteca","Extractos botánicos","","",false
"Scutellaria Baicalensis Root Extract","Escutelaria (extracto de raíz)",,,,"{""Antioxidante"",""Calmante""}","","0.1-2%","Raíz rica en baicaleína, flavonoide estudiado como antioxidante y antiinflamatorio.",,floema,"Referencia general de formulación; borrador por verificar con la ficha del proveedor y la biblioteca","Extractos botánicos","","",false
"Coffea Arabica Seed Extract","Café verde (extracto)",,,,"{""Antioxidante"",""Descongestionante""}","","0.5-3%","Semillas sin tostar, con ácido clorogénico y cafeína.",,floema,"Referencia general de formulación; borrador por verificar con la ficha del proveedor y la biblioteca","Extractos botánicos","Puede teñir de marrón","",false
"Syzygium Aromaticum Flower Extract","Clavo de olor (extracto)",,,,"{""Antimicrobiano"",""Antioxidante""}","","0.1-1%","Botones florales del clavo, ricos en eugenol y taninos.",,floema,"Referencia general de formulación; borrador por verificar con la ficha del proveedor y la biblioteca","Extractos botánicos","Eugenol: sensibilizante","",false
"Opuntia Ficus-Indica Stem Extract","Tuna (nopal)",,,,"{""Humectante"",""Calmante""}","","1-10%","Cladodio de la tuna, con mucílagos humectantes.",,floema,"Referencia general de formulación; borrador por verificar con la ficha del proveedor y la biblioteca","Extractos botánicos","Necesita conservante","",false
"Hordeum Vulgare Extract","Cebada (extracto)",,,,"{""Calmante"",""Humectante""}","","1-5%","Extracto de cebada, con betaglucanos y polisacáridos humectantes.",,floema,"Referencia general de formulación; borrador por verificar con la ficha del proveedor y la biblioteca","Extractos botánicos","","",false
"Sophora Japonica Flower Extract","Sophora japonica",,,,"{""Antioxidante""}","","0.1-2%","Rico en rutina, flavonoide antioxidante que protege los capilares.",,floema,"Referencia general de formulación; borrador por verificar con la ficha del proveedor y la biblioteca","Extractos botánicos","","",false
"Lonicera Japonica Flower Extract","Madreselva japonesa",,,,"{""Calmante"",""Antimicrobiano""}","","1-5%","Flor de uso tradicional en Asia para calmar la piel.",,floema,"Referencia general de formulación; borrador por verificar con la ficha del proveedor y la biblioteca","Extractos botánicos","","",false
"Epilobium Angustifolium Extract","Epilobio",,,,"{""Calmante"",""Seborregulador""}","","1-5%","Hierba con oenoteína B; se estudia por su acción calmante y su efecto sobre el sebo.",,floema,"Referencia general de formulación; borrador por verificar con la ficha del proveedor y la biblioteca","Extractos botánicos","","",false
"Saponaria Officinalis Root Extract","Jabonera (extracto de raíz)",,,,"{""Espumante"",""Tensioactivo limpiador""}","","Según el preparado","Raíz rica en saponinas, tradicional para lavar.",,floema,"Referencia general de formulación; borrador por verificar con la ficha del proveedor y la biblioteca","Extractos botánicos","Irrita los ojos","",false
"Chenopodium Quinoa Seed Extract","Quinoa (extracto)",,,,"{""Humectante"",""Acondicionador capilar""}","","1-5%","Semilla andina rica en proteínas y saponinas. Se usa en cabello.",,floema,"Referencia general de formulación; borrador por verificar con la ficha del proveedor y la biblioteca","Extractos botánicos","Las saponinas del grano sin lavar irritan","",false
"Rosa Canina Fruit Extract","Escaramujo (rosa canina)",,,,"{""Antioxidante""}","","1-5%","Fruto de la rosa silvestre, rico en vitamina C y carotenoides.",,floema,"Referencia general de formulación; borrador por verificar con la ficha del proveedor y la biblioteca","Extractos botánicos","","",false
"Fucus Vesiculosus Extract","Fucus (alga parda)",,,,"{""Humectante"",""Tonificante""}","","1-5%","Alga parda rica en alginatos y yodo. Se usa en productos corporales y de contorno.",,floema,"Referencia general de formulación; borrador por verificar con la ficha del proveedor y la biblioteca","Extractos botánicos","Contiene yodo: puede afectar a personas con problemas tiroideos","",false
"Laminaria Digitata Extract","Laminaria (alga parda)",,,,"{""Humectante"",""Nutritivo""}","","1-5%","Alga parda con alginatos, minerales y antioxidantes.",,floema,"Referencia general de formulación; borrador por verificar con la ficha del proveedor y la biblioteca","Extractos botánicos","Contiene yodo","",false
"Ascophyllum Nodosum Extract","Ascophyllum (alga parda)",,,,"{""Humectante"",""Antioxidante""}","","1-5%","Alga parda rica en polisacáridos, polifenoles y minerales.",,floema,"Referencia general de formulación; borrador por verificar con la ficha del proveedor y la biblioteca","Extractos botánicos","Contiene yodo","",false
"Macrocystis Pyrifera Extract","Huiro (alga parda)",,,,"{""Humectante"",""Nutritivo""}","","1-5%","Alga parda gigante de las costas del Pacífico sur.",,floema,"Referencia general de formulación; borrador por verificar con la ficha del proveedor y la biblioteca","Extractos botánicos","Contiene yodo","",false
"Durvillaea Antarctica Extract","Cochayuyo (alga parda)",,,,"{""Humectante"",""Nutritivo""}","","1-5%","Alga parda comestible de las costas chilenas, rica en alginatos y fibra. INCI sugerido.",,floema,"Referencia general de formulación; borrador por verificar con la ficha del proveedor y la biblioteca","Extractos botánicos","Contiene yodo","",false
"Chlorella Vulgaris Extract","Chlorella",,,,"{""Antioxidante"",""Colorante""}","","0.5-3%","Microalga rica en clorofila y proteínas. Da color verde.",,floema,"Referencia general de formulación; borrador por verificar con la ficha del proveedor y la biblioteca","Extractos botánicos","Puede teñir","",false
"Tremella Fuciformis Extract","Tremella (hongo)",,,,"{""Humectante""}","","0.5-3%","Hongo gelatinoso cuyos polisacáridos retienen mucha agua; se compara con el ácido hialurónico.",,floema,"Referencia general de formulación; borrador por verificar con la ficha del proveedor y la biblioteca","Extractos botánicos","","",false
"Ganoderma Lucidum Extract","Reishi",,,,"{""Antioxidante"",""Calmante""}","","0.5-3%","Hongo medicinal oriental. Rico en triterpenos y polisacáridos.",,floema,"Referencia general de formulación; borrador por verificar con la ficha del proveedor y la biblioteca","Extractos botánicos","","",false
"Cetraria Islandica Extract","Liquen de Islandia",,,,"{""Calmante"",""Antimicrobiano""}","","1-5%","Liquen con mucílagos y ácido úsnico en menor cantidad. De uso tradicional en la tos y en pieles irritadas.",,floema,"Referencia general de formulación; borrador por verificar con la ficha del proveedor y la biblioteca","Extractos botánicos","","",false
"Citrus Aurantium Amara Flower Extract","Flor de azahar (extracto)",,,,"{""Calmante"",""Tonificante""}","","1-5%","Flores del naranjo amargo, de aroma delicado.",,floema,"Referencia general de formulación; borrador por verificar con la ficha del proveedor y la biblioteca","Extractos botánicos","","",false
"Sambucus Nigra Fruit Extract","Saúco (extracto de fruto)",,,,"{""Antioxidante"",""Colorante""}","","1-5%","Frutos del saúco, ricos en antocianinas.",,floema,"Referencia general de formulación; borrador por verificar con la ficha del proveedor y la biblioteca","Extractos botánicos","Los frutos crudos son tóxicos por vía oral","",false
"Camellia Sinensis Seed Oil","Aceite de semilla de té",,,,"{""Emoliente""}","","5-100%","Aceite ligero de la semilla del té, rico en oleico y muy usado en Asia.",,floema,"Referencia general de formulación; borrador por verificar con la ficha del proveedor y la biblioteca","Extractos botánicos","","",false
"Lens Esculenta Seed Extract","Lenteja (extracto)",,,,"{""Humectante""}","","1-5%","Extracto de lenteja, rico en proteínas y azúcares.",,floema,"Referencia general de formulación; borrador por verificar con la ficha del proveedor y la biblioteca","Extractos botánicos","","",false
"Phaseolus Radiatus Seed Extract","Poroto mungo (extracto)",,,,"{""Exfoliante"",""Absorbente""}","","10-100% en mascarillas","Harina de poroto mungo; en la cosmética ayurvédica se usa en mascarillas y baños de limpieza.",,floema,"Referencia general de formulación; borrador por verificar con la ficha del proveedor y la biblioteca","Extractos botánicos","","",false
"Benzyl Alcohol (and) Dehydroacetic Acid","Cosgard (alcohol bencílico + ácido dehidroacético)",,,,"{""Conservante""}","UE: alcohol bencílico máx. 1% y ácido dehidroacético máx. 0.6% (como ácido)","0.5-1% (según la ficha del proveedor, hasta 1.5%); eficaz a pH menor de 6","Conservante de amplio espectro aceptado en cosmética natural. Combina alcohol bencílico y ácido dehidroacético. Es el que usas en tus cremas y sérums.",,floema,"Referencia general de formulación; borrador por verificar con la ficha del proveedor y la biblioteca","Conservantes, antioxidantes y pH","Agregar en la fase fría, por debajo de ~50 °C","",false
"Phenoxyethanol","Fenoxietanol",,,,"{""Conservante""}","UE: máx. 1%","0.5-1%","Conservante de amplio espectro muy usado, estable en un rango amplio de pH. Suele combinarse con etilhexilglicerina.",,floema,"Referencia general de formulación; borrador por verificar con la ficha del proveedor y la biblioteca","Conservantes, antioxidantes y pH","No es ""natural""; puede irritar en piel muy sensible","",false
"Ethylhexylglycerin","Etilhexilglicerina",,,,"{""Potenciador de conservante"",""Acondicionador de piel""}","","0.3-1%","Refuerza a otros conservantes y suaviza la piel; por sí sola no basta como conservante.",,floema,"Referencia general de formulación; borrador por verificar con la ficha del proveedor y la biblioteca","Conservantes, antioxidantes y pH","","",false
"Sodium Benzoate","Benzoato de sodio",,,,"{""Conservante""}","UE: 0.5% (como ácido) en productos que se dejan; 2.5% en los que se enjuagan","0.3-0.5%; requiere pH menor de 5","Sal del ácido benzoico. Actúa solo con el pH ácido, y funciona mejor contra hongos y levaduras.",,floema,"Referencia general de formulación; borrador por verificar con la ficha del proveedor y la biblioteca","Conservantes, antioxidantes y pH","Combinar con sorbato de potasio para ampliar el espectro","",false
"Potassium Sorbate","Sorbato de potasio",,,,"{""Conservante""}","UE: máx. 0.6% (como ácido sórbico)","0.3-0.6%; requiere pH menor de 6","Conservante que actúa sobre todo contra hongos y levaduras. Suele combinarse con el benzoato.",,floema,"Referencia general de formulación; borrador por verificar con la ficha del proveedor y la biblioteca","Conservantes, antioxidantes y pH","","",false
"Sorbic Acid","Ácido sórbico",,,,"{""Conservante""}","UE: máx. 0.6%","0.1-0.5%","Forma ácida del sorbato. Actúa contra hongos y levaduras a pH ácido.",,floema,"Referencia general de formulación; borrador por verificar con la ficha del proveedor y la biblioteca","Conservantes, antioxidantes y pH","Requiere pH ácido","",false
"Benzoic Acid","Ácido benzoico",,,,"{""Conservante""}","UE: 0.5% en productos que se dejan","0.1-0.5%","Forma ácida del benzoato. Actúa a pH ácido contra hongos y levaduras.",,floema,"Referencia general de formulación; borrador por verificar con la ficha del proveedor y la biblioteca","Conservantes, antioxidantes y pH","Requiere pH ácido","",false
"Dehydroacetic Acid","Ácido dehidroacético",,,,"{""Conservante""}","UE: máx. 0.6%","0.2-0.6%","Conservante que actúa contra hongos y bacterias a pH ácido; aparece sobre todo en mezclas comerciales.",,floema,"Referencia general de formulación; borrador por verificar con la ficha del proveedor y la biblioteca","Conservantes, antioxidantes y pH","Requiere pH menor de 6","",false
"Sodium Dehydroacetate","Dehidroacetato de sodio",,,,"{""Conservante""}","UE: máx. 0.6% (como ácido)","0.2-0.6%","Sal soluble del ácido dehidroacético.",,floema,"Referencia general de formulación; borrador por verificar con la ficha del proveedor y la biblioteca","Conservantes, antioxidantes y pH","Requiere pH menor de 6.5","",false
"Caprylhydroxamic Acid","Ácido caprilhidroxámico",,,,"{""Conservante"",""Quelante""}","","0.3-1%","Conservante y quelante de baja irritación, de origen vegetal, usado en mezclas ""naturales"".",,floema,"Referencia general de formulación; borrador por verificar con la ficha del proveedor y la biblioteca","Conservantes, antioxidantes y pH","Funciona mejor combinado con glicoles y a pH 4-6","",false
"Caprylyl Glycol","Caprililglicol",,,,"{""Potenciador de conservante"",""Humectante""}","","0.3-1%","Humectante que refuerza la acción de otros conservantes y mejora el tacto.",,floema,"Referencia general de formulación; borrador por verificar con la ficha del proveedor y la biblioteca","Conservantes, antioxidantes y pH","","",false
"1,2-Hexanediol","1,2-Hexanodiol",,,,"{""Potenciador de conservante"",""Humectante""}","","0.5-2%","Humectante y diol que refuerza conservantes con muy baja irritación.",,floema,"Referencia general de formulación; borrador por verificar con la ficha del proveedor y la biblioteca","Conservantes, antioxidantes y pH","","",false
"Sodium Levulinate","Levulinato de sodio",,,,"{""Potenciador de conservante""}","","0.5-1.5%","Sal del ácido levulínico (derivado de azúcares). Se usa en mezclas conservantes de origen natural.",,floema,"Referencia general de formulación; borrador por verificar con la ficha del proveedor y la biblioteca","Conservantes, antioxidantes y pH","Eficacia mejor a pH menor de 5.5","",false
"Sodium Anisate","Anisato de sodio",,,,"{""Potenciador de conservante""}","","0.3-1%","Sal del ácido anísico. Se usa junto al levulinato en mezclas ""naturales"".",,floema,"Referencia general de formulación; borrador por verificar con la ficha del proveedor y la biblioteca","Conservantes, antioxidantes y pH","","",false
"Radish Root Ferment Filtrate","Filtrado de fermento de rábano (Leucidal)",,,,"{""Antimicrobiano""}","","2-4%","Péptido antimicrobiano obtenido por fermentación del rábano con Leuconostoc. Aceptado en cosmética natural como conservante parcial.",,floema,"Referencia general de formulación; borrador por verificar con la ficha del proveedor y la biblioteca","Conservantes, antioxidantes y pH","Eficacia limitada: suele complementarse","",false
"Alcohol","Alcohol etílico (alcohol de cereal 96°)",,,,"{""Disolvente"",""Antimicrobiano""}","","Según el producto","Solvente de tinturas y aporta conservación: para que actúe como conservante debe rondar el 20% o más del producto final.",,floema,"Referencia general de formulación; borrador por verificar con la ficha del proveedor y la biblioteca","Conservantes, antioxidantes y pH","Reseca y puede irritar la piel sensible","",false
"Disodium EDTA","EDTA disódico",,,,"{""Quelante""}","","0.05-0.2%","Captura metales que aceleran el enranciamiento y la degradación del color. Mejora la eficacia de los conservantes.",,floema,"Referencia general de formulación; borrador por verificar con la ficha del proveedor y la biblioteca","Conservantes, antioxidantes y pH","","",false
"Sodium Phytate","Fitato de sodio",,,,"{""Quelante""}","","0.1-0.5%","Quelante de origen vegetal (del ácido fítico del salvado).",,floema,"Referencia general de formulación; borrador por verificar con la ficha del proveedor y la biblioteca","Conservantes, antioxidantes y pH","","",false
"Tetrasodium Glutamate Diacetate","GLDA",,,,"{""Quelante""}","","0.1-0.5%","Quelante biodegradable, de origen vegetal, que reemplaza al EDTA.",,floema,"Referencia general de formulación; borrador por verificar con la ficha del proveedor y la biblioteca","Conservantes, antioxidantes y pH","","",false
"Ascorbyl Palmitate","Palmitato de ascorbilo",,,,"{""Antioxidante""}","","0.01-0.2%","Vitamina C liposoluble. Protege los aceites del enranciamiento, sobre todo con vitamina E.",,floema,"Referencia general de formulación; borrador por verificar con la ficha del proveedor y la biblioteca","Conservantes, antioxidantes y pH","","",false
"Citric Acid","Ácido cítrico",,,,"{""Regulador de pH"",""Quelante""}","","0.1-0.5%","Ajusta el pH hacia abajo y actúa como quelante suave que protege el producto del enranciamiento.",,floema,"Referencia general de formulación; borrador por verificar con la ficha del proveedor y la biblioteca","Conservantes, antioxidantes y pH","Disolver en agua antes de agregar","",false
"Sodium Citrate","Citrato de sodio",,,,"{""Regulador de pH"",""Quelante""}","","0.1-1%","Sal del ácido cítrico. Con el ácido cítrico forma un tampón que estabiliza el pH.",,floema,"Referencia general de formulación; borrador por verificar con la ficha del proveedor y la biblioteca","Conservantes, antioxidantes y pH","","",false
"Sodium Hydroxide","Hidróxido de sodio (soda cáustica)",,,,"{""Regulador de pH""}","","Gotas en solución diluida","Base fuerte. En cosmética se usa en solución diluida (por ejemplo al 10%) para subir el pH, y en pocas gotas. También es el álcali de la saponificación.",,floema,"Referencia general de formulación; borrador por verificar con la ficha del proveedor y la biblioteca","Conservantes, antioxidantes y pH","CORROSIVO: guantes y gafas; añadir siempre la soda al agua, nunca al revés","",false
"Potassium Hydroxide","Hidróxido de potasio",,,,"{""Regulador de pH""}","","Según la receta","Base fuerte, equivalente al hidróxido de sodio. Se usa para jabones blandos o líquidos.",,floema,"Referencia general de formulación; borrador por verificar con la ficha del proveedor y la biblioteca","Conservantes, antioxidantes y pH","CORROSIVO: guantes y gafas","",false
"Sodium Bicarbonate","Bicarbonato de sodio",,,,"{""Regulador de pH"",""Desodorante"",""Abrasivo suave""}","","1-10%","Base débil (pH ~8.3). Neutraliza olores y se usa como abrasivo suave.",,floema,"Referencia general de formulación; borrador por verificar con la ficha del proveedor y la biblioteca","Conservantes, antioxidantes y pH","Alcaliniza: irrita la piel en uso frecuente, sobre todo axilas y rostro","",false
"Procide PF130","Procide PF130 (nombre comercial)",,,,"{""Quelante"",""Potenciador de conservante""}","","Según la ficha del proveedor","Producto comercial que aparece en tu inventario como quelante o refuerzo del conservante. Su composición no está verificada aquí.",,floema,"Referencia general de formulación; borrador por verificar con la ficha del proveedor y la biblioteca","Conservantes, antioxidantes y pH","Revisa la ficha técnica del proveedor antes de usarlo","",false
"Arginine","Arginina",,,,"{""Regulador de pH""}","","0.1-1%","Aminoácido básico que se usa para neutralizar ácidos en geles y subir el pH con suavidad.",,floema,"Referencia general de formulación; borrador por verificar con la ficha del proveedor y la biblioteca","Conservantes, antioxidantes y pH","","",false
"Behentrimonium Methosulfate","BTMS (metosulfato de behentrimonio)",,,,"{""Emulsionante"",""Acondicionador capilar""}","","3-6% en acondicionadores líquidos; 40-60% en sólidos","Emulsionante catiónico y acondicionador. Se une a la carga negativa del cabello dañado, suaviza y reduce el frizz. El BTMS-50 viene mezclado con alcohol cetílico al 50%.",,floema,"Referencia general de formulación; borrador por verificar con la ficha del proveedor y la biblioteca","Emulsionantes","Incompatible con tensioactivos aniónicos (SCI, SLSA, SCS, SLS): nunca mezclar directamente","",false
"Behentrimonium Chloride","Cloruro de behentrimonio",,,,"{""Emulsionante"",""Acondicionador capilar""}","","2-5%","Emulsionante catiónico, parecido al BTMS pero en forma de cloruro. Acondicionador y desenredante.",,floema,"Referencia general de formulación; borrador por verificar con la ficha del proveedor y la biblioteca","Emulsionantes","Incompatible con aniónicos. Más irritante que el BTMS","",false
"Cetrimonium Chloride","Cloruro de cetrimonio",,,,"{""Acondicionador capilar"",""Antiestático""}","","1-4%","Tensioactivo catiónico de cadena más corta que el BTMS. Acondiciona y desenreda; más ligero.",,floema,"Referencia general de formulación; borrador por verificar con la ficha del proveedor y la biblioteca","Emulsionantes","Incompatible con aniónicos. Puede irritar los ojos","",false
"Stearamidopropyl Dimethylamine","Estearamidopropil dimetilamina",,,,"{""Emulsionante"",""Acondicionador capilar""}","","1-5%","Emulsionante catiónico que actúa al neutralizarse con un ácido (por ejemplo, láctico). Usado en acondicionadores.",,floema,"Referencia general de formulación; borrador por verificar con la ficha del proveedor y la biblioteca","Emulsionantes","Necesita pH ácido para activarse","",false
"Cetearyl Olivate","Oleato de cetearilo (Olivem 1000)",,,,"{""Emulsionante""}","","3-8%","Emulsionante no iónico de origen vegetal (de aceite de oliva), junto con Sorbitan Olivate. Forma emulsiones aceite en agua estables, de tacto fresco.",,floema,"Referencia general de formulación; borrador por verificar con la ficha del proveedor y la biblioteca","Emulsionantes","Revisa la ficha del proveedor para las proporciones","",false
"Sorbitan Olivate","Olivato de sorbitán",,,,"{""Coemulsionante""}","","Con su pareja, según la ficha","Parte del sistema Olivem 1000, con Cetearyl Olivate. Coemulsionante derivado del aceite de oliva.",,floema,"Referencia general de formulación; borrador por verificar con la ficha del proveedor y la biblioteca","Emulsionantes","","",false
"Cetearyl Alcohol (and) Polysorbate 60","Cera emulsionante NF",,,,"{""Emulsionante"",""Estructurante""}","","3-8% según la consistencia","Cera con el sistema emulsionante integrado. La vía más simple para hacer una crema aceite en agua estable: se funde con la fase oleosa y se une a la acuosa.",,floema,"Referencia general de formulación; borrador por verificar con la ficha del proveedor y la biblioteca","Emulsionantes","Aparece en el rótulo como los dos ingredientes","",false
"Glyceryl Stearate SE","Estearato de glicerilo autoemulsionable",,,,"{""Emulsionante"",""Estructurante""}","","2-8%","Monoestearato de glicerilo con jabón integrado para que emulsione solo. Da cuerpo y suavidad.",,floema,"Referencia general de formulación; borrador por verificar con la ficha del proveedor y la biblioteca","Emulsionantes","Sube el pH de la emulsión","",false
"Polyglyceryl-3 Methylglucose Distearate","Distearato de poliglicerilo-3 metilglucosa",,,,"{""Emulsionante""}","","2-5%","Emulsionante de origen vegetal con muy buen tacto y estabilidad. Se usa en cremas ligeras.",,floema,"Referencia general de formulación; borrador por verificar con la ficha del proveedor y la biblioteca","Emulsionantes","","",false
"Cetearyl Glucoside","Glucósido de cetearilo",,,,"{""Emulsionante"",""Estructurante""}","","3-6%","Emulsionante de origen vegetal (azúcares y grasas); suele venderse mezclado con alcohol cetearílico (Montanov 68). Forma cristales líquidos estables.",,floema,"Referencia general de formulación; borrador por verificar con la ficha del proveedor y la biblioteca","Emulsionantes","","",false
"Sucrose Stearate","Estearato de sacarosa",,,,"{""Emulsionante""}","","1-5%","Emulsionante suave derivado del azúcar y del ácido esteárico.",,floema,"Referencia general de formulación; borrador por verificar con la ficha del proveedor y la biblioteca","Emulsionantes","","",false
"Lecithin","Lecitina",,,,"{""Emulsionante"",""Humectante""}","","0.5-5%","Fosfolípidos de soya o girasol. Emulsionante natural nutritivo; base de los liposomas.",,floema,"Referencia general de formulación; borrador por verificar con la ficha del proveedor y la biblioteca","Emulsionantes","Evitar si hay alergia a la soya","",false
"Hydrogenated Lecithin","Lecitina hidrogenada",,,,"{""Emulsionante"",""Acondicionador de piel""}","","0.5-3%","Lecitina más estable a la oxidación. Forma liposomas y refuerza la barrera cutánea.",,floema,"Referencia general de formulación; borrador por verificar con la ficha del proveedor y la biblioteca","Emulsionantes","","",false
"Polysorbate 20","Polisorbato 20 (Tween 20)",,,,"{""Solubilizante"",""Tensioactivo limpiador""}","","1-4 partes por cada parte de aceite esencial","Tensioactivo no iónico. Solubiliza aceites esenciales en bases acuosas; sin él flotan o dejan turbios los tónicos.",,floema,"Referencia general de formulación; borrador por verificar con la ficha del proveedor y la biblioteca","Emulsionantes","","",false
"Polysorbate 80","Polisorbato 80 (Tween 80)",,,,"{""Emulsionante"",""Solubilizante""}","","1-10% según el uso","Tensioactivo no iónico. Permite que un aceite desmaquillante se vuelva lechoso al contacto con agua y se enjuague.",,floema,"Referencia general de formulación; borrador por verificar con la ficha del proveedor y la biblioteca","Emulsionantes","","",false
"Sorbitan Oleate","Oleato de sorbitán",,,,"{""Emulsionante""}","","1-5%","Emulsionante agua en aceite de HLB bajo (se usa con polisorbatos para ajustar el sistema).",,floema,"Referencia general de formulación; borrador por verificar con la ficha del proveedor y la biblioteca","Emulsionantes","","",false
"Sorbitan Stearate","Estearato de sorbitán",,,,"{""Emulsionante""}","","1-5%","Emulsionante no iónico de HLB bajo, usado con polisorbatos.",,floema,"Referencia general de formulación; borrador por verificar con la ficha del proveedor y la biblioteca","Emulsionantes","","",false
"Polyglyceryl-4 Caprate","Caprato de poliglicerilo-4",,,,"{""Emulsionante"",""Solubilizante""}","","1-5%","Emulsionante de origen vegetal, útil para solubilizar aceites esenciales y para limpiadores.",,floema,"Referencia general de formulación; borrador por verificar con la ficha del proveedor y la biblioteca","Emulsionantes","","",false
"Sodium Stearoyl Lactylate","Estearoil lactilato de sodio",,,,"{""Emulsionante""}","","0.5-3%","Emulsionante aniónico suave de origen vegetal.",,floema,"Referencia general de formulación; borrador por verificar con la ficha del proveedor y la biblioteca","Emulsionantes","","",false
"Glyceryl Stearate Citrate","Citrato estearato de glicerilo",,,,"{""Emulsionante""}","","1-5%","Emulsionante aniónico suave de origen vegetal (de glicerina, ácido esteárico y ácido cítrico).",,floema,"Referencia general de formulación; borrador por verificar con la ficha del proveedor y la biblioteca","Emulsionantes","","",false
"Lavandula Angustifolia Oil","AE de lavanda",,,,"{""Fragancia"",""Calmante"",""Antimicrobiano""}","Declarar linalool y limoneno si superan 0.001% (se dejan) o 0.01% (se enjuagan)","Rostro 0.2-0.5%; cuerpo 1-2%","Rico en linalool y acetato de linalilo. Calmante y suave; el aceite esencial más versátil.",,floema,"Referencia general de formulación; borrador por verificar con la ficha del proveedor y la biblioteca","Aceites esenciales","El linalool y el limoneno (que se forman al oxidarse) son alérgenos de fragancia declarables","",false
"Lavandula Hybrida Oil","AE de lavandín",,,,"{""Fragancia""}","Declarar linalool si supera 0.001%/0.01%","Rostro 0.2-0.5%; cuerpo 1-2%","Híbrido de lavanda con más alcanfor y aroma más penetrante; más económico.",,floema,"Referencia general de formulación; borrador por verificar con la ficha del proveedor y la biblioteca","Aceites esenciales","Contiene más alcanfor que la lavanda: no usar en niños pequeños","",false
"Melaleuca Alternifolia Leaf Oil","AE de árbol de té",,,,"{""Antimicrobiano"",""Fragancia""}","Declarar limoneno","0.5-2% en piel","El terpinen-4-ol le da actividad antimicrobiana demostrada; se usa en piel con imperfecciones.",,floema,"Referencia general de formulación; borrador por verificar con la ficha del proveedor y la biblioteca","Aceites esenciales","Oxidado se vuelve sensibilizante: usa uno fresco. Tóxico para gatos y perros","",false
"Eucalyptus Globulus Leaf Oil","AE de eucalipto globulus",,,,"{""Fragancia"",""Descongestionante""}","Declarar limoneno y linalool si superan el umbral","1-2% en cuerpo y ungüentos","Rico en 1,8-cineol: aroma limpio y descongestionante.",,floema,"Referencia general de formulación; borrador por verificar con la ficha del proveedor y la biblioteca","Aceites esenciales","No usar en niños pequeños ni cerca de su cara","",false
"Eucalyptus Radiata Leaf Oil","AE de eucalipto radiata",,,,"{""Fragancia"",""Descongestionante""}","Declarar limoneno","1-2%","Más suave que el globulus, con menos cineol y más terpenos y alcoholes.",,floema,"Referencia general de formulación; borrador por verificar con la ficha del proveedor y la biblioteca","Aceites esenciales","Se oxida: usar fresco","",false
"Rosmarinus Officinalis Leaf Oil","AE de romero",,,,"{""Fragancia"",""Estimulante""}","Declarar limoneno y linalool","0.5-1% en cuero cabelludo","De tradición estimulante en el cuidado del cabello. Según el quimiotipo puede tener cineol, alcanfor o verbenona.",,floema,"Referencia general de formulación; borrador por verificar con la ficha del proveedor y la biblioteca","Aceites esenciales","Evitar en embarazo y epilepsia (quimiotipo alcanfor)","",false
"Mentha Piperita Oil","AE de menta piperita",,,,"{""Refrescante"",""Fragancia""}","Declarar limoneno y linalool","Hasta ~1% en cuerpo","El mentol da frescor y alivio momentáneo.",,floema,"Referencia general de formulación; borrador por verificar con la ficha del proveedor y la biblioteca","Aceites esenciales","No usar en rostro ni cerca de la cara de bebés y niños pequeños","",false
"Mentha Spicata Oil","AE de hierbabuena (menta verde)",,,,"{""Fragancia"",""Refrescante""}","Declarar limoneno","0.5-1%","Rico en carvona, de aroma más suave y dulce que la menta piperita.",,floema,"Referencia general de formulación; borrador por verificar con la ficha del proveedor y la biblioteca","Aceites esenciales","Evitar cerca de la cara de bebés","",false
"Pelargonium Graveolens Oil","AE de geranio",,,,"{""Fragancia"",""Tonificante""}","Declarar geraniol, citronelol y linalool","0.2-0.5% en rostro","Aroma floral con notas verdes; de tradición equilibrante de la piel.",,floema,"Referencia general de formulación; borrador por verificar con la ficha del proveedor y la biblioteca","Aceites esenciales","Contiene geraniol y citronelol, alérgenos declarables","",false
"Cananga Odorata Flower Oil","AE de ylang ylang",,,,"{""Fragancia""}","Declarar benzoato de bencilo, salicilato de bencilo, linalool, geraniol y farnesol","0.1-0.5%","Aroma floral dulce y muy intenso; se usa en pequeñas cantidades.",,floema,"Referencia general de formulación; borrador por verificar con la ficha del proveedor y la biblioteca","Aceites esenciales","Puede sensibilizar; muy aromático y puede dar dolor de cabeza","",false
"Chamaemelum Nobile Flower Oil","AE de manzanilla romana",,,,"{""Calmante"",""Fragancia""}","","0.2-0.5%","Calmante clásico, de aroma dulce a manzana.",,floema,"Referencia general de formulación; borrador por verificar con la ficha del proveedor y la biblioteca","Aceites esenciales","Puede reaccionar en personas alérgicas a las asteráceas","",false
"Matricaria Recutita Flower Oil","AE de manzanilla alemana",,,,"{""Calmante"",""Antiinflamatorio""}","","0.1-0.5%","Azul por el camazuleno. Rico en bisabolol y camazuleno, ambos calmantes.",,floema,"Referencia general de formulación; borrador por verificar con la ficha del proveedor y la biblioteca","Aceites esenciales","Alergia cruzada con asteráceas; tiñe levemente","",false
"Boswellia Carterii Oil","AE de incienso (olíbano)",,,,"{""Fragancia""}","","0.2-1%","Aroma resinoso; de tradición se usa en piel madura y se le atribuye acción regeneradora.",,floema,"Referencia general de formulación; borrador por verificar con la ficha del proveedor y la biblioteca","Aceites esenciales","Resina: sostenibilidad dudosa en algunas fuentes","",false
"Commiphora Myrrha Oil","AE de mirra",,,,"{""Fragancia""}","","0.2-1%","Resina aromática de olor balsámico y terroso, usada desde la antigüedad en ungüentos.",,floema,"Referencia general de formulación; borrador por verificar con la ficha del proveedor y la biblioteca","Aceites esenciales","Evitar en embarazo","",false
"Pogostemon Cablin Oil","AE de pachulí",,,,"{""Fragancia""}","","0.1-0.5%","Aroma terroso y persistente; fijador de fragancias.",,floema,"Referencia general de formulación; borrador por verificar con la ficha del proveedor y la biblioteca","Aceites esenciales","Muy intenso: usar poco","",false
"Santalum Album Oil","AE de sándalo",,,,"{""Fragancia""}","","0.2-1%","Aroma suave, amaderado y muy persistente. Muy caro y de oferta limitada.",,floema,"Referencia general de formulación; borrador por verificar con la ficha del proveedor y la biblioteca","Aceites esenciales","La especie está amenazada: elige origen certificado y sostenible","",false
"Cedrus Atlantica Bark Oil","AE de cedro del Atlas",,,,"{""Fragancia"",""Antimicrobiano""}","","0.5-1%","Aroma amaderado y cálido. Se usa en cabello, ungüentos y productos para piel grasa.",,floema,"Referencia general de formulación; borrador por verificar con la ficha del proveedor y la biblioteca","Aceites esenciales","Evitar en embarazo","",false
"Juniperus Virginiana Oil","AE de cedro de Virginia",,,,"{""Fragancia""}","","0.5-1%","Aroma amaderado seco, tipo lápiz. Usado en fragancias masculinas y ungüentos.",,floema,"Referencia general de formulación; borrador por verificar con la ficha del proveedor y la biblioteca","Aceites esenciales","Evitar en embarazo","",false
"Cupressus Sempervirens Oil","AE de ciprés",,,,"{""Fragancia"",""Astringente""}","","0.5-1%","Aroma resinoso fresco. Se usa en masajes y productos para piel grasa o para circulación.",,floema,"Referencia general de formulación; borrador por verificar con la ficha del proveedor y la biblioteca","Aceites esenciales","Evitar en embarazo","",false
"Foeniculum Vulgare Oil","AE de hinojo dulce",,,,"{""Fragancia""}","","0.2-0.5% en piel","Aroma anisado. Contiene anetol y estragol, que se evitan en dosis altas.",,floema,"Referencia general de formulación; borrador por verificar con la ficha del proveedor y la biblioteca","Aceites esenciales","Evitar en embarazo, lactancia, epilepsia y en niños pequeños","",false
"Cymbopogon Nardus Oil","AE de citronela",,,,"{""Fragancia"",""Antimicrobiano""}","Declarar citronelol, geraniol y limoneno","0.5-1%","Aroma cítrico herbal. Se usa en repelentes naturales y en productos para piel grasa.",,floema,"Referencia general de formulación; borrador por verificar con la ficha del proveedor y la biblioteca","Aceites esenciales","Contiene citronelal, geraniol y limoneno, que sensibilizan","",false
"Cymbopogon Martini Oil","AE de palmarosa",,,,"{""Fragancia"",""Antimicrobiano""}","Declarar geraniol y linalool","0.2-0.5%","Aroma floral rosado, rico en geraniol.",,floema,"Referencia general de formulación; borrador por verificar con la ficha del proveedor y la biblioteca","Aceites esenciales","Rico en geraniol, alérgeno declarable","",false
"Cymbopogon Flexuosus Oil","AE de lemongrass (hierba limón)",,,,"{""Fragancia"",""Antimicrobiano""}","Declarar citral, geraniol y limoneno","0.1-0.5%","Aroma cítrico intenso, rico en citral.",,floema,"Referencia general de formulación; borrador por verificar con la ficha del proveedor y la biblioteca","Aceites esenciales","Citral: sensibilizante e irritante. Usar muy diluido","",false
"Eugenia Caryophyllus Bud Oil","AE de clavo de olor",,,,"{""Fragancia"",""Antimicrobiano""}","Declarar eugenol","0.1-0.5% en piel","Rico en eugenol (~70-90%). Antiséptico potente de aroma especiado.",,floema,"Referencia general de formulación; borrador por verificar con la ficha del proveedor y la biblioteca","Aceites esenciales","Irritante y sensibilizante. Evitar en piel dañada, embarazo y niños; haz prueba de parche","",false
"Cinnamomum Zeylanicum Bark Oil","AE de canela (corteza)",,,,"{""Fragancia"",""Estimulante""}","Declarar cinamal y eugenol","Mejor evitarlo en piel; solo en maceración con mucha prudencia","Rico en cinamaldehído y eugenol. Muy irritante y sensibilizante sobre la piel.",,floema,"Referencia general de formulación; borrador por verificar con la ficha del proveedor y la biblioteca","Aceites esenciales","Dermocáustico a dosis altas. Usa aceite de canela de hoja o macerado en su lugar","",false
"Cinnamomum Zeylanicum Leaf Oil","AE de canela (hoja)",,,,"{""Fragancia"",""Antimicrobiano""}","Declarar eugenol","0.1-0.5%","Rico en eugenol, menos irritante que el de corteza pero igual debe diluirse.",,floema,"Referencia general de formulación; borrador por verificar con la ficha del proveedor y la biblioteca","Aceites esenciales","Sensibilizante; prueba de parche","",false
"Aloysia Citrodora Oil","AE de verbena (hierba luisa)",,,,"{""Fragancia""}","Declarar citral y limoneno","0.1-0.5%","Aroma limonado delicado, de producción limitada y a menudo adulterado.",,floema,"Referencia general de formulación; borrador por verificar con la ficha del proveedor y la biblioteca","Aceites esenciales","Citral: sensibilizante. Evitar al sol","",false
"Cinnamomum Camphora Oil","AE de palo de ho (ct. linalool)",,,,"{""Fragancia"",""Calmante""}","Declarar linalool","0.2-1%","Sustituto sostenible del palo de rosa: rico en linalool, aroma floral amaderado.",,floema,"Referencia general de formulación; borrador por verificar con la ficha del proveedor y la biblioteca","Aceites esenciales","El linalool se oxida y sensibiliza: usar fresco","",false
"Citrus Limon Peel Oil","AE de limón (prensado en frío)",,,,"{""Fragancia"",""Antimicrobiano""}","Declarar limoneno, citral y linalool","0.5-2%","Aroma cítrico fresco y volátil. Contiene limoneno y citral.",,floema,"Referencia general de formulación; borrador por verificar con la ficha del proveedor y la biblioteca","Aceites esenciales","Fotosensibilizante: evitar el sol 12-24 h tras aplicarlo. El limoneno se oxida","",false
"Citrus Aurantium Dulcis Peel Oil","AE de naranja dulce",,,,"{""Fragancia""}","Declarar limoneno","0.5-2%","Aroma cítrico dulce, ~90% limoneno.",,floema,"Referencia general de formulación; borrador por verificar con la ficha del proveedor y la biblioteca","Aceites esenciales","El limoneno se oxida y sensibiliza: usar fresco. Fotosensibilidad baja pero posible","",false
"Citrus Paradisi Peel Oil","AE de pomelo",,,,"{""Fragancia""}","Declarar limoneno","0.5-2%","Aroma cítrico fresco y ligeramente amargo.",,floema,"Referencia general de formulación; borrador por verificar con la ficha del proveedor y la biblioteca","Aceites esenciales","Fotosensibilizante (furocumarinas)","",false
"Citrus Reticulata Peel Oil","AE de mandarina",,,,"{""Fragancia"",""Calmante""}","Declarar limoneno","0.5-1%","Aroma cítrico dulce y suave, usado en productos para niños con dosis bajas.",,floema,"Referencia general de formulación; borrador por verificar con la ficha del proveedor y la biblioteca","Aceites esenciales","Fotosensibilidad leve","",false
"Citrus Aurantium Bergamia Peel Oil","AE de bergamota",,,,"{""Fragancia""}","Declarar limoneno y linalool","0.2-0.5%","Aroma cítrico floral, típico del té Earl Grey.",,floema,"Referencia general de formulación; borrador por verificar con la ficha del proveedor y la biblioteca","Aceites esenciales","Muy fotosensibilizante (bergapteno). Elige la versión FCF (sin furocumarinas) o evita el sol","",false
"Citrus Aurantium Amara Flower Oil","AE de neroli",,,,"{""Fragancia"",""Calmante""}","Declarar linalool, limoneno y geraniol","0.1-0.5%","Destilado de flor de naranjo amargo. Aroma floral, fino y caro.",,floema,"Referencia general de formulación; borrador por verificar con la ficha del proveedor y la biblioteca","Aceites esenciales","Contiene linalool y limoneno","",false
"Citrus Aurantium Amara Leaf/Twig Oil","AE de petitgrain",,,,"{""Fragancia""}","Declarar linalool y limoneno","0.2-1%","Destilado de hojas y ramas del naranjo amargo. Aroma verde, floral y amaderado; más económico que el neroli.",,floema,"Referencia general de formulación; borrador por verificar con la ficha del proveedor y la biblioteca","Aceites esenciales","Contiene linalool","",false
"Rosa Damascena Flower Oil","AE de rosa",,,,"{""Fragancia""}","Declarar citronelol, geraniol y farnesol","0.1-0.5%","Aroma floral clásico. Muy caro: hacen falta ~3-5 toneladas de pétalos por kilo de aceite.",,floema,"Referencia general de formulación; borrador por verificar con la ficha del proveedor y la biblioteca","Aceites esenciales","Contiene citronelol, geraniol y eugenol","",false
"Jasminum Officinale Flower Oil","AE (absoluto) de jazmín",,,,"{""Fragancia""}","Declarar benzoato de bencilo, linalool y farnesol","0.05-0.3%","Aroma floral intenso y dulce, normalmente obtenido con solventes (absoluto).",,floema,"Referencia general de formulación; borrador por verificar con la ficha del proveedor y la biblioteca","Aceites esenciales","Contiene benzoato de bencilo, linalool y otros alérgenos","",false
"Vetiveria Zizanoides Root Oil","AE de vetiver",,,,"{""Fragancia""}","","0.2-0.5%","Aroma terroso y ahumado, muy persistente. Usado como fijador.",,floema,"Referencia general de formulación; borrador por verificar con la ficha del proveedor y la biblioteca","Aceites esenciales","Muy viscoso y de aroma intenso","",false
"Zingiber Officinale Root Oil","AE de jengibre",,,,"{""Fragancia"",""Estimulante""}","Declarar limoneno y citral","0.2-0.5%","Aroma cálido y especiado; de efecto rubefaciente suave.",,floema,"Referencia general de formulación; borrador por verificar con la ficha del proveedor y la biblioteca","Aceites esenciales","Puede irritar","",false
"Elettaria Cardamomum Seed Oil","AE de cardamomo",,,,"{""Fragancia""}","Declarar limoneno y linalool","0.2-0.5%","Aroma especiado, fresco y dulce.",,floema,"Referencia general de formulación; borrador por verificar con la ficha del proveedor y la biblioteca","Aceites esenciales","Puede irritar","",false
"Piper Nigrum Fruit Oil","AE de pimienta negra",,,,"{""Fragancia"",""Estimulante""}","Declarar limoneno","0.1-0.5%","Aroma especiado cálido; efecto rubefaciente.",,floema,"Referencia general de formulación; borrador por verificar con la ficha del proveedor y la biblioteca","Aceites esenciales","Irritante","",false
"Myristica Fragrans Kernel Oil","AE de nuez moscada",,,,"{""Fragancia""}","","0.1-0.3%","Aroma especiado cálido y dulce.",,floema,"Referencia general de formulación; borrador por verificar con la ficha del proveedor y la biblioteca","Aceites esenciales","Contiene miristicina y safrol, tóxicos en dosis altas: evitar en embarazo y niños","",false
"Salvia Officinalis Oil","AE de salvia",,,,"{""Fragancia""}","","Evitar en cosmética casera","Contiene tuyona y alcanfor, neurotóxicos en dosis altas.",,floema,"Referencia general de formulación; borrador por verificar con la ficha del proveedor y la biblioteca","Aceites esenciales","Neurotóxica: no usar en embarazo, epilepsia ni niños. Prefiere la salvia sclarea","",false
"Salvia Sclarea Oil","AE de salvia sclarea (moscatel)",,,,"{""Fragancia"",""Calmante""}","Declarar linalool","0.2-0.5%","Rica en acetato de linalilo y linalool, de aroma herbal dulce. Sin la tuyona de la salvia común.",,floema,"Referencia general de formulación; borrador por verificar con la ficha del proveedor y la biblioteca","Aceites esenciales","Evitar en embarazo","",false
"Thymus Vulgaris Oil","AE de tomillo (ct. linalool)",,,,"{""Fragancia"",""Antimicrobiano""}","Declarar linalool","0.2-0.5%","El quimiotipo linalool es el más suave para piel. Los de timol o carvacrol son irritantes.",,floema,"Referencia general de formulación; borrador por verificar con la ficha del proveedor y la biblioteca","Aceites esenciales","Pide siempre el quimiotipo: el de timol puede irritar","",false
"Origanum Vulgare Oil","AE de orégano",,,,"{""Antimicrobiano""}","","Evitar en piel","Rico en carvacrol y timol, potente antimicrobiano en laboratorio.",,floema,"Referencia general de formulación; borrador por verificar con la ficha del proveedor y la biblioteca","Aceites esenciales","Dermocáustico a dosis altas","",false
"Melissa Officinalis Leaf Oil","AE de melisa (toronjil)",,,,"{""Fragancia"",""Calmante""}","Declarar citral, citronelol y geraniol","0.1-0.5%","Aroma limonado suave. Es muy caro y a menudo adulterado con citronela o lemongrass.",,floema,"Referencia general de formulación; borrador por verificar con la ficha del proveedor y la biblioteca","Aceites esenciales","Citral: sensibilizante","",false
"Helichrysum Italicum Flower Oil","AE de helicriso (siempreviva)",,,,"{""Fragancia"",""Calmante""}","","0.2-0.5%","De tradición se usa en cicatrices y piel dañada; es caro.",,floema,"Referencia general de formulación; borrador por verificar con la ficha del proveedor y la biblioteca","Aceites esenciales","Alergia cruzada con asteráceas","",false
"Laurus Nobilis Leaf Oil","AE de laurel",,,,"{""Fragancia"",""Antimicrobiano""}","Declarar linalool, eugenol y limoneno","0.1-0.5%","Aroma especiado fresco, rico en cineol y linalool.",,floema,"Referencia general de formulación; borrador por verificar con la ficha del proveedor y la biblioteca","Aceites esenciales","Sensibilizante","",false
"Schinus Molle Oil","AE de molle",,,,"{""Fragancia"",""Antimicrobiano""}","Declarar limoneno","0.1-0.5%","Aroma resinoso de pimienta rosa, del árbol molle.",,floema,"Referencia general de formulación; borrador por verificar con la ficha del proveedor y la biblioteca","Aceites esenciales","Anacardiácea: puede dar alergia de contacto","",false
"Litsea Cubeba Fruit Oil","AE de litsea cubeba",,,,"{""Fragancia""}","Declarar citral, limoneno y geraniol","0.1-0.5%","Aroma cítrico de limón intenso, rico en citral. Alternativa económica al lemongrass.",,floema,"Referencia general de formulación; borrador por verificar con la ficha del proveedor y la biblioteca","Aceites esenciales","Citral: sensibilizante","",false
"Melaleuca Quinquenervia Leaf Oil","AE de niaouli",,,,"{""Fragancia"",""Antimicrobiano""}","Declarar limoneno y linalool","0.5-1%","Aroma alcanforado y fresco, parecido al eucalipto y al árbol de té.",,floema,"Referencia general de formulación; borrador por verificar con la ficha del proveedor y la biblioteca","Aceites esenciales","Evitar cerca de la cara de niños pequeños","",false
"Pinus Sylvestris Leaf Oil","AE de pino silvestre",,,,"{""Fragancia""}","Declarar limoneno","0.5-1%","Aroma resinoso fresco, rico en pinenos.",,floema,"Referencia general de formulación; borrador por verificar con la ficha del proveedor y la biblioteca","Aceites esenciales","Se oxida y sensibiliza: usar fresco","",false
"Abies Sibirica Leaf Oil","AE de abeto siberiano",,,,"{""Fragancia""}","Declarar limoneno","0.5-1%","Aroma resinoso y dulce, con pinenos y acetato de bornilo.",,floema,"Referencia general de formulación; borrador por verificar con la ficha del proveedor y la biblioteca","Aceites esenciales","Se oxida y sensibiliza: usar fresco","",false
"Juniperus Communis Fruit Oil","AE de enebro",,,,"{""Fragancia"",""Astringente""}","Declarar limoneno","0.2-0.5%","Aroma fresco, resinoso y seco.",,floema,"Referencia general de formulación; borrador por verificar con la ficha del proveedor y la biblioteca","Aceites esenciales","Evitar en embarazo y en enfermedad renal","",false
"Achillea Millefolium Oil","AE de milenrama (azul)",,,,"{""Calmante"",""Antiinflamatorio""}","","0.1-0.5%","Azul por el camazuleno. De tradición se usa en piel irritada.",,floema,"Referencia general de formulación; borrador por verificar con la ficha del proveedor y la biblioteca","Aceites esenciales","Alergia cruzada con asteráceas","",false
"Xanthan Gum","Goma xantana",,,,"{""Espesante"",""Gelificante"",""Suspensor""}","","0.2-0.5% ligero cuerpo; 0.5-1% gel firme","Espesante de origen fermentado para fases acuosas. Da textura de gel sin nada de grasa y ayuda a suspender polvos y estabilizar emulsiones.",,floema,"Referencia general de formulación; borrador por verificar con la ficha del proveedor y la biblioteca","Espesantes y gelificantes","Pasarse da textura ""mocosa"". Dispersar primero en glicerina o en seco para evitar grumos","",false
"Cyamopsis Tetragonoloba Gum","Goma guar",,,,"{""Espesante"",""Acondicionador capilar""}","","0.2-1%","Espesante de origen vegetal (semilla de guar). Da cuerpo a geles y tónicos y acondiciona el cabello.",,floema,"Referencia general de formulación; borrador por verificar con la ficha del proveedor y la biblioteca","Espesantes y gelificantes","Dispersar primero en glicerina para evitar grumos","",false
"Hydroxypropyl Guar","Hidroxipropil guar",,,,"{""Espesante"",""Acondicionador capilar""}","","0.2-1%","Guar modificada, más soluble y estable. Usada para espesar y acondicionar en champús.",,floema,"Referencia general de formulación; borrador por verificar con la ficha del proveedor y la biblioteca","Espesantes y gelificantes","","",false
"Cellulose Gum","Goma de celulosa (CMC)",,,,"{""Espesante"",""Estabilizante""}","","0.3-2%","Derivado de la celulosa que espesa agua en frío. Da cuerpo a geles y dentífricos.",,floema,"Referencia general de formulación; borrador por verificar con la ficha del proveedor y la biblioteca","Espesantes y gelificantes","","",false
"Hydroxyethylcellulose","Hidroxietilcelulosa",,,,"{""Espesante"",""Gelificante""}","","0.5-1.5%","Espesante semi-natural derivado de la celulosa. Forma geles transparentes y estables.",,floema,"Referencia general de formulación; borrador por verificar con la ficha del proveedor y la biblioteca","Espesantes y gelificantes","","",false
"Chondrus Crispus Powder","Carragenina (musgo irlandés)",,,,"{""Espesante"",""Gelificante""}","","0.2-1%","Espesante y gelificante extraído de algas rojas. Da geles suaves y elásticos.",,floema,"Referencia general de formulación; borrador por verificar con la ficha del proveedor y la biblioteca","Espesantes y gelificantes","","",false
"Gelidium Amansii Extract","Agar-agar",,,,"{""Gelificante""}","","0.5-2%; se disuelve a ~90 °C","Gelificante de algas: da geles firmes y opacos que se forman al enfriar.",,floema,"Referencia general de formulación; borrador por verificar con la ficha del proveedor y la biblioteca","Espesantes y gelificantes","","",false
"Sclerotium Gum","Goma sclerotium",,,,"{""Espesante"",""Estabilizante""}","","0.2-1%","Goma de origen fermentado, de buena estabilidad en un rango amplio de pH y de sal.",,floema,"Referencia general de formulación; borrador por verificar con la ficha del proveedor y la biblioteca","Espesantes y gelificantes","","",false
"Pectin","Pectina",,,,"{""Gelificante"",""Espesante""}","","0.5-3%","Polisacárido de frutas (cítricos, manzana). Forma geles en medio ácido.",,floema,"Referencia general de formulación; borrador por verificar con la ficha del proveedor y la biblioteca","Espesantes y gelificantes","","",false
"Acacia Senegal Gum","Goma arábiga",,,,"{""Espesante"",""Formador de película"",""Emulsionante""}","","1-10%","Exudado del árbol Acacia senegal. Espesa, forma película y estabiliza emulsiones; se usa en microencapsulación.",,floema,"Referencia general de formulación; borrador por verificar con la ficha del proveedor y la biblioteca","Espesantes y gelificantes","","",false
"Ceratonia Siliqua Gum","Goma de algarrobo",,,,"{""Espesante""}","","0.2-1%","Espesante de la semilla de algarrobo, de buena estabilidad. Usado en geles y cremas.",,floema,"Referencia general de formulación; borrador por verificar con la ficha del proveedor y la biblioteca","Espesantes y gelificantes","","",false
"Caesalpinia Spinosa Gum","Goma tara",,,,"{""Espesante""}","","0.2-1%","Espesante de la vaina del árbol tara (Perú, Chile). Da cuerpo y buen tacto en geles.",,floema,"Referencia general de formulación; borrador por verificar con la ficha del proveedor y la biblioteca","Espesantes y gelificantes","","",false
"Sodium Alginate","Alginato de sodio",,,,"{""Gelificante"",""Espesante""}","","0.5-2%","Polisacárido de algas pardas. Gelifica con calcio; se usa en mascarillas de algas, geles y microesferas.",,floema,"Referencia general de formulación; borrador por verificar con la ficha del proveedor y la biblioteca","Espesantes y gelificantes","","",false
"Silica","Sílice (dióxido de silicio)",,,,"{""Absorbente"",""Matificante"",""Suspensor""}","","1-5% como matificante","Polvo muy fino y poroso. Absorbe sebo, da efecto mate y suspende polvos. La coloidal espesa aceites.",,floema,"Referencia general de formulación; borrador por verificar con la ficha del proveedor y la biblioteca","Espesantes y gelificantes","No inhalar el polvo","",false
"Hectorite","Hectorita",,,,"{""Espesante"",""Suspensor""}","","0.5-3%","Arcilla espesante que da cuerpo a aceites y suspende polvos en emulsiones. Muy usada en cosmética mineral.",,floema,"Referencia general de formulación; borrador por verificar con la ficha del proveedor y la biblioteca","Espesantes y gelificantes","","",false
"Magnesium Aluminum Silicate","Silicato de magnesio y aluminio (Veegum)",,,,"{""Espesante"",""Suspensor"",""Estabilizante""}","","0.5-3%","Arcilla mineral que espesa y estabiliza emulsiones; mejora el tacto.",,floema,"Referencia general de formulación; borrador por verificar con la ficha del proveedor y la biblioteca","Espesantes y gelificantes","","",false
"Bentonite","Bentonita",,,,"{""Espesante"",""Absorbente""}","","1-3% espesante; 10-100% en mascarillas","Arcilla que se hincha mucho al mojarse y es muy absorbente. Forma pastas espesas y cremosas.",,floema,"Referencia general de formulación; borrador por verificar con la ficha del proveedor y la biblioteca","Espesantes y gelificantes","","",false
"Sodium Chloride","Sal (cloruro de sodio)",,,,"{""Espesante"",""Exfoliante""}","","0.5-3% como espesante","En tensioactivos aniónicos y betaínas espesa la mezcla. En polvo grueso se usa como exfoliante.",,floema,"Referencia general de formulación; borrador por verificar con la ficha del proveedor y la biblioteca","Espesantes y gelificantes","Demasiada sal vuelve a adelgazar el producto","",false
"Manihot Esculenta Starch","Almidón de tapioca (mandioca)",,,,"{""Absorbente"",""Agente de carga""}","","5-20% en polvos","Almidón sedoso que absorbe humedad. Usado en polvos, desodorantes y para matificar.",,floema,"Referencia general de formulación; borrador por verificar con la ficha del proveedor y la biblioteca","Espesantes y gelificantes","Húmedo favorece el crecimiento de microorganismos","",false
"Zea Mays Starch","Almidón de maíz",,,,"{""Absorbente"",""Agente de carga""}","","5-20% en polvos","Almidón que absorbe humedad y da tacto sedoso. Usado en polvos y desodorantes.",,floema,"Referencia general de formulación; borrador por verificar con la ficha del proveedor y la biblioteca","Espesantes y gelificantes","Húmedo favorece microorganismos; en axilas húmedas puede alimentar levaduras","",false
"Maranta Arundinacea Root Powder","Arrowroot (almidón de maranta)",,,,"{""Absorbente"",""Agente de carga""}","","5-20% en polvos","Almidón fino de tacto sedoso, parecido al de maíz pero más suave.",,floema,"Referencia general de formulación; borrador por verificar con la ficha del proveedor y la biblioteca","Espesantes y gelificantes","Húmedo favorece microorganismos","",false
"Oryza Sativa Starch","Almidón de arroz",,,,"{""Absorbente"",""Matificante""}","","5-20%","Almidón muy fino, de efecto mate y tacto sedoso.",,floema,"Referencia general de formulación; borrador por verificar con la ficha del proveedor y la biblioteca","Espesantes y gelificantes","Húmedo favorece microorganismos","",false
"Hydrolyzed Corn Starch","MaízCare (biopolímero de maíz)",,,,"{""Formador de película"",""Matificante"",""Reafirmante""}","","1-3% (según la ficha del proveedor)","Biopolímero derivado del maíz que forma una película fina y flexible sobre la piel o el cabello. Da efecto tensor inmediato y visual mate o soft-focus; en cabello sella la cutícula y da brillo.",,floema,"Referencia general de formulación; borrador por verificar con la ficha del proveedor y la biblioteca","Espesantes y gelificantes","El efecto es de película: se va al lavar y no cambia la estructura de la piel","",false
"Maltodextrin","Maltodextrina",,,,"{""Agente de carga"",""Vehículo""}","","Según el uso","Polisacárido de maíz o tapioca. Se usa como soporte de polvos y en microencapsulación.",,floema,"Referencia general de formulación; borrador por verificar con la ficha del proveedor y la biblioteca","Espesantes y gelificantes","","",false
"Cyclodextrin","Ciclodextrina",,,,"{""Absorbente"",""Vehículo""}","","0.5-5%","Moléculas en forma de anillo que atrapan olores y moléculas liposolubles. Se usan para encapsular fragancias y activos.",,floema,"Referencia general de formulación; borrador por verificar con la ficha del proveedor y la biblioteca","Espesantes y gelificantes","","",false
"Pullulan","Pululano",,,,"{""Formador de película""}","","0.5-3%","Polisacárido fermentado que forma películas transparentes. Se usa en mascarillas peel-off y para tensar visualmente.",,floema,"Referencia general de formulación; borrador por verificar con la ficha del proveedor y la biblioteca","Espesantes y gelificantes","","",false
"Hydroxypropyl Starch Phosphate","Almidón modificado (hidroxipropil fosfato de almidón)",,,,"{""Espesante"",""Estabilizante""}","","1-4%","Almidón modificado que espesa y estabiliza emulsiones, con tacto sedoso.",,floema,"Referencia general de formulación; borrador por verificar con la ficha del proveedor y la biblioteca","Espesantes y gelificantes","","",false
"Sodium Polyacrylate","Poliacrilato de sodio",,,,"{""Espesante"",""Absorbente""}","","0.5-2%","Polímero sintético superabsorbente. Aparece como espesante en geles y polvos.",,floema,"Referencia general de formulación; borrador por verificar con la ficha del proveedor y la biblioteca","Espesantes y gelificantes","No es de origen natural","",false
"Carbomer","Carbómero",,,,"{""Gelificante"",""Espesante""}","","0.2-1%","Polímero sintético para geles transparentes, que se activa al neutralizar con una base.",,floema,"Referencia general de formulación; borrador por verificar con la ficha del proveedor y la biblioteca","Espesantes y gelificantes","No es de origen natural. Requiere neutralización con base","",false
"Inulin","Inulina",,,,"{""Acondicionador de piel"",""Humectante"",""Prebiótico""}","","0.5-3%","Fructano de raíces (achicoria, agave). En cosmética funciona como prebiótico de la microbiota de la piel y como humectante.",,floema,"Referencia general de formulación; borrador por verificar con la ficha del proveedor y la biblioteca","Espesantes y gelificantes","En fórmulas con agua sin conservante puede fermentar","",false
"Aqua","Agua destilada",,,,"{""Disolvente""}","","c.s. hasta 100%","Base de casi toda cosmética con fase acuosa. Debe ser destilada, desmineralizada o hervida y enfriada para no aportar minerales ni microorganismos.",,floema,"Referencia general de formulación; borrador por verificar con la ficha del proveedor y la biblioteca","Hidrolatos y aguas","Sin conservante se contamina en días","",false
"Laurus Nobilis Leaf Water","Hidrolato de laurel",,,,"{""Tonificante"",""Antimicrobiano"",""Vehículo""}","","Hasta 100% de la fase acuosa","Agua aromática de la destilación de hojas de laurel. Base cálida y especiada para limpiadores, tónicos y sérums. Es la base acuosa de varios de tus productos.",,floema,"Referencia general de formulación; borrador por verificar con la ficha del proveedor y la biblioteca","Hidrolatos y aguas","Los hidrolatos puros se contaminan: refrigerar y agregar conservante si se mezclan en un producto","",false
"Laurelia Sempervirens Leaf Water","Hidrolato de triwe (trihue)",,,,"{""Tonificante"",""Antimicrobiano"",""Vehículo""}","","Hasta 100% de la fase acuosa","Agua aromática de la destilación del triwe, especie del bosque del sur de Chile. Aroma verde y especiado. La estás produciendo en cantidad.",,floema,"Referencia general de formulación; borrador por verificar con la ficha del proveedor y la biblioteca","Hidrolatos y aguas","Confirma la especie (Laurelia sempervirens o Laureliopsis philippiana) antes de rotular. Sin conservante dura semanas","",false
"Rosa Damascena Flower Water","Hidrolato de rosa",,,,"{""Tonificante"",""Calmante""}","","Hasta 100% de la fase acuosa","Tónico suave y aromático. De tradición se usa en piel seca, sensible o madura.",,floema,"Referencia general de formulación; borrador por verificar con la ficha del proveedor y la biblioteca","Hidrolatos y aguas","Refrigerar; conservar","",false
"Lavandula Angustifolia Flower Water","Hidrolato de lavanda",,,,"{""Calmante"",""Tonificante""}","","Hasta 100% de la fase acuosa","Calmante y refrescante, con el aroma suave de la lavanda. Muy versátil en tónicos y sprays.",,floema,"Referencia general de formulación; borrador por verificar con la ficha del proveedor y la biblioteca","Hidrolatos y aguas","Refrigerar; conservar","",false
"Chamomilla Recutita Flower Water","Hidrolato de manzanilla",,,,"{""Calmante""}","","Hasta 100% de la fase acuosa","Calmante para piel sensible o enrojecida y para el contorno de ojos.",,floema,"Referencia general de formulación; borrador por verificar con la ficha del proveedor y la biblioteca","Hidrolatos y aguas","Alergia cruzada con asteráceas","",false
"Hamamelis Virginiana Leaf Water","Hamamelis (agua)",,,,"{""Astringente"",""Tonificante""}","","Hasta 100% de la fase acuosa","Rico en taninos, es astringente y tonificante. El comercial suele traer alcohol.",,floema,"Referencia general de formulación; borrador por verificar con la ficha del proveedor y la biblioteca","Hidrolatos y aguas","Puede resecar en pieles sensibles","",false
"Citrus Aurantium Amara Flower Water","Agua de azahar",,,,"{""Tonificante"",""Fragancia""}","","Hasta 100% de la fase acuosa","Agua floral de flor de naranjo amargo, de aroma delicado. Se usa en tónicos y perfumería suave.",,floema,"Referencia general de formulación; borrador por verificar con la ficha del proveedor y la biblioteca","Hidrolatos y aguas","Refrigerar","",false
"Mentha Piperita Leaf Water","Hidrolato de menta",,,,"{""Refrescante"",""Tonificante""}","","Hasta 100% de la fase acuosa","Agua aromática de menta, refrescante.",,floema,"Referencia general de formulación; borrador por verificar con la ficha del proveedor y la biblioteca","Hidrolatos y aguas","Evitar cerca de la cara de bebés","",false
"Rosmarinus Officinalis Leaf Water","Hidrolato de romero",,,,"{""Tonificante"",""Estimulante""}","","Hasta 100% de la fase acuosa","Agua aromática del romero. De tradición se usa en tónicos capilares y de piel grasa.",,floema,"Referencia general de formulación; borrador por verificar con la ficha del proveedor y la biblioteca","Hidrolatos y aguas","Refrigerar","",false
"Melissa Officinalis Leaf Water","Hidrolato de melisa (toronjil)",,,,"{""Calmante""}","","Hasta 100% de la fase acuosa","Agua aromática de melisa, suave y de aroma limonado.",,floema,"Referencia general de formulación; borrador por verificar con la ficha del proveedor y la biblioteca","Hidrolatos y aguas","Refrigerar","",false
"Calendula Officinalis Flower Water","Hidrolato de caléndula",,,,"{""Calmante""}","","Hasta 100% de la fase acuosa","Agua aromática de caléndula, suave para piel sensible y atópica.",,floema,"Referencia general de formulación; borrador por verificar con la ficha del proveedor y la biblioteca","Hidrolatos y aguas","Alergia cruzada con asteráceas","",false
"Eucalyptus Globulus Leaf Water","Hidrolato de eucalipto",,,,"{""Refrescante"",""Antimicrobiano""}","","Hasta 100% de la fase acuosa","Agua aromática del eucalipto, de aroma fresco.",,floema,"Referencia general de formulación; borrador por verificar con la ficha del proveedor y la biblioteca","Hidrolatos y aguas","No usar cerca de la cara de niños pequeños","",false
"Foeniculum Vulgare Fruit Water","Hidrolato de hinojo",,,,"{""Calmante"",""Descongestionante""}","","Hasta 100% de la fase acuosa","Agua aromática del hinojo, suave. Se usa en tónicos para contorno de ojos y piel cansada.",,floema,"Referencia general de formulación; borrador por verificar con la ficha del proveedor y la biblioteca","Hidrolatos y aguas","Evitar en embarazo y lactancia por vía interna","",false
"Pelargonium Graveolens Flower Water","Hidrolato de geranio",,,,"{""Tonificante"",""Calmante""}","","Hasta 100% de la fase acuosa","Agua aromática del geranio, equilibrante de la piel mixta según el uso tradicional.",,floema,"Referencia general de formulación; borrador por verificar con la ficha del proveedor y la biblioteca","Hidrolatos y aguas","","",false
"Thymus Vulgaris Water","Hidrolato de tomillo",,,,"{""Antimicrobiano"",""Tonificante""}","","Hasta 100% de la fase acuosa","Agua aromática de tomillo; se usa en tónicos para piel con imperfecciones.",,floema,"Referencia general de formulación; borrador por verificar con la ficha del proveedor y la biblioteca","Hidrolatos y aguas","","",false
"Salvia Officinalis Leaf Water","Hidrolato de salvia",,,,"{""Astringente""}","","Hasta 100% de la fase acuosa","Agua aromática de salvia. Al ser un hidrolato, la tuyona está en cantidades mucho menores que en el aceite esencial.",,floema,"Referencia general de formulación; borrador por verificar con la ficha del proveedor y la biblioteca","Hidrolatos y aguas","Evitar en embarazo","",false
"Ocimum Basilicum Water","Hidrolato de albahaca",,,,"{""Tonificante""}","","Hasta 100% de la fase acuosa","Agua aromática de albahaca.",,floema,"Referencia general de formulación; borrador por verificar con la ficha del proveedor y la biblioteca","Hidrolatos y aguas","","",false
"Sambucus Nigra Flower Water","Hidrolato de saúco",,,,"{""Calmante"",""Astringente""}","","Hasta 100% de la fase acuosa","Agua aromática de la flor del saúco; de tradición se usa para refrescar y suavizar la piel.",,floema,"Referencia general de formulación; borrador por verificar con la ficha del proveedor y la biblioteca","Hidrolatos y aguas","","",false
"Tilia Platyphyllos Flower Water","Hidrolato de tilo",,,,"{""Calmante""}","","Hasta 100% de la fase acuosa","Agua aromática de flor de tilo; suave y calmante.",,floema,"Referencia general de formulación; borrador por verificar con la ficha del proveedor y la biblioteca","Hidrolatos y aguas","","",false
"Mentha Spicata Water","Hidrolato de hierbabuena",,,,"{""Refrescante""}","","Hasta 100% de la fase acuosa","Agua aromática de hierbabuena, más suave que la de menta piperita.",,floema,"Referencia general de formulación; borrador por verificar con la ficha del proveedor y la biblioteca","Hidrolatos y aguas","","",false
"Aloysia Citrodora Leaf Water","Hidrolato de cedrón (hierba luisa)",,,,"{""Calmante"",""Fragancia""}","","Hasta 100% de la fase acuosa","Agua aromática de cedrón, de aroma limonado delicado.",,floema,"Referencia general de formulación; borrador por verificar con la ficha del proveedor y la biblioteca","Hidrolatos y aguas","","",false
"Luma Apiculata Leaf Water","Hidrolato de arrayán",,,,"{""Astringente"",""Tonificante""}","","Hasta 100% de la fase acuosa","Agua aromática de hojas de arrayán, nativo del sur de Chile y Argentina.",,floema,"Referencia general de formulación; borrador por verificar con la ficha del proveedor y la biblioteca","Hidrolatos y aguas","Refrigerar y conservar","",false
"Drimys Winteri Leaf Water","Hidrolato de canelo",,,,"{""Tonificante"",""Antimicrobiano""}","","Hasta 100% de la fase acuosa","Agua aromática de hojas de canelo (foye), el árbol sagrado mapuche.",,floema,"Referencia general de formulación; borrador por verificar con la ficha del proveedor y la biblioteca","Hidrolatos y aguas","Refrigerar y conservar","",false
"Cocos Nucifera Fruit Juice","Agua de coco",,,,"{""Humectante""}","","Hasta 100% de la fase acuosa","Líquido del interior del coco, con azúcares y minerales. Se usa como base hidratante suave.",,floema,"Referencia general de formulación; borrador por verificar con la ficha del proveedor y la biblioteca","Hidrolatos y aguas","Se contamina rápidamente: conservar","",false
"Maris Aqua","Agua de mar",,,,"{""Mineral"",""Tonificante""}","","Hasta 100% de la fase acuosa","Agua de mar filtrada o isotónica. Se usa en sprays corporales y capilares por su aporte mineral.",,floema,"Referencia general de formulación; borrador por verificar con la ficha del proveedor y la biblioteca","Hidrolatos y aguas","Puede resecar si se usa pura","",false
"Glycerin","Glicerina vegetal",,,,"{""Humectante"",""Disolvente""}","","2-10% (hasta 20% en ciertos productos)","El humectante universal: atrae agua hacia la piel. Subproducto de la saponificación, es barata y estable.",,floema,"Referencia general de formulación; borrador por verificar con la ficha del proveedor y la biblioteca","Humectantes e hidratantes","Sobre ~10% puede sentirse pegajosa. En ambientes muy secos conviene combinarla con un oclusivo","",false
"Propanediol","Propanodiol",,,,"{""Humectante"",""Disolvente"",""Potenciador de conservante""}","","1-10%","Humectante y solvente de origen vegetal (de maíz). Mejora la sensación en piel y potencia la acción de los conservantes.",,floema,"Referencia general de formulación; borrador por verificar con la ficha del proveedor y la biblioteca","Humectantes e hidratantes","","",false
"Butylene Glycol","Butilenglicol",,,,"{""Humectante"",""Disolvente""}","","1-10%","Humectante y solvente ligero, muy usado en sérums. Tacto no pegajoso.",,floema,"Referencia general de formulación; borrador por verificar con la ficha del proveedor y la biblioteca","Humectantes e hidratantes","No es de origen natural, salvo la versión bio","",false
"Propylene Glycol","Propilenglicol",,,,"{""Humectante"",""Disolvente""}","","1-10%","Humectante y solvente clásico, de eficacia comprobada.",,floema,"Referencia general de formulación; borrador por verificar con la ficha del proveedor y la biblioteca","Humectantes e hidratantes","Puede irritar o sensibilizar en piel sensible; no es natural","",false
"Pentylene Glycol","Pentilenglicol",,,,"{""Humectante"",""Potenciador de conservante""}","","1-5%","Humectante que también aumenta la eficacia de los conservantes. Existe de origen vegetal.",,floema,"Referencia general de formulación; borrador por verificar con la ficha del proveedor y la biblioteca","Humectantes e hidratantes","","",false
"Sorbitol","Sorbitol",,,,"{""Humectante""}","","2-10%","Humectante de origen vegetal, algo más ligero que la glicerina.",,floema,"Referencia general de formulación; borrador por verificar con la ficha del proveedor y la biblioteca","Humectantes e hidratantes","","",false
"Xylitol","Xilitol",,,,"{""Humectante"",""Antimicrobiano""}","","1-5%","Alcohol de azúcar que humecta la piel y deja sensación fresca. Se usa como humectante de apoyo junto a la glicerina.",,floema,"Referencia general de formulación; borrador por verificar con la ficha del proveedor y la biblioteca","Humectantes e hidratantes","","",false
"Erythritol","Eritritol",,,,"{""Humectante"",""Refrescante""}","","1-5%","Alcohol de azúcar que humecta y da sensación fresca al disolverse.",,floema,"Referencia general de formulación; borrador por verificar con la ficha del proveedor y la biblioteca","Humectantes e hidratantes","","",false
"Trehalose","Trehalosa",,,,"{""Humectante"",""Protector""}","","1-5%","Azúcar que protege las células de la deshidratación y del estrés. Se usa en sérums hidratantes.",,floema,"Referencia general de formulación; borrador por verificar con la ficha del proveedor y la biblioteca","Humectantes e hidratantes","","",false
"Sodium PCA","PCA sódico",,,,"{""Humectante""}","","0.5-5%","Parte del factor natural de humectación (NMF) de la piel. Humectante muy eficaz y de buen tacto.",,floema,"Referencia general de formulación; borrador por verificar con la ficha del proveedor y la biblioteca","Humectantes e hidratantes","","",false
"Urea","Urea",,,,"{""Humectante"",""Queratolítico""}","","2-5% hidratante; 10-40% queratolítico","Compuesto del factor natural de humectación. A baja dosis hidrata; a dosis altas (sobre ~10%) suaviza callosidades y exfolia.",,floema,"Referencia general de formulación; borrador por verificar con la ficha del proveedor y la biblioteca","Humectantes e hidratantes","Concentraciones altas pueden arder en piel con heridas. En agua se descompone con calor y pH extremo","",false
"Hydroxyethyl Urea","Hidroxietil urea",,,,"{""Humectante""}","","2-10%","Humectante derivado de urea, más estable y de tacto menos pegajoso.",,floema,"Referencia general de formulación; borrador por verificar con la ficha del proveedor y la biblioteca","Humectantes e hidratantes","","",false
"Sodium Lactate","Lactato de sodio",,,,"{""Humectante"",""Regulador de pH""}","","1-5%","Sal del ácido láctico. Parte del NMF y, junto al ácido láctico, forma un tampón que estabiliza el pH.",,floema,"Referencia general de formulación; borrador por verificar con la ficha del proveedor y la biblioteca","Humectantes e hidratantes","","",false
"Betaine","Betaína",,,,"{""Humectante"",""Calmante""}","","1-5%","Obtenida de la remolacha. Humectante suave que además reduce la irritación que causan los tensioactivos.",,floema,"Referencia general de formulación; borrador por verificar con la ficha del proveedor y la biblioteca","Humectantes e hidratantes","","",false
"Sodium Hyaluronate","Ácido hialurónico (hialuronato de sodio)",,,,"{""Humectante"",""Acondicionador de piel""}","","0.1-2%","Polisacárido que retiene mucha agua. Según su peso molecular, actúa en superficie (alto) o penetra más (bajo).",,floema,"Referencia general de formulación; borrador por verificar con la ficha del proveedor y la biblioteca","Humectantes e hidratantes","Dispersar en agua o glicerina para evitar grumos","",false
"Hyaluronic Acid","Ácido hialurónico (forma ácida)",,,,"{""Humectante""}","","0.1-2%","Forma ácida del hialurónico, menos usada que su sal.",,floema,"Referencia general de formulación; borrador por verificar con la ficha del proveedor y la biblioteca","Humectantes e hidratantes","","",false
"Panthenol","Pantenol (provitamina B5)",,,,"{""Humectante"",""Calmante"",""Regenerador""}","","0.5-5%","Se convierte en ácido pantoténico en la piel. Humectante, cicatrizante y calmante; excelente en pieles sensibles y para el cabello.",,floema,"Referencia general de formulación; borrador por verificar con la ficha del proveedor y la biblioteca","Humectantes e hidratantes","La versión líquida al 75% pesa más: ajusta la dosis","",false
"Allantoin","Alantoína",,,,"{""Calmante"",""Cicatrizante"",""Queratolítico""}","","0.1-0.5%","Compuesto originalmente aislado de la consuelda. Queratolítico suave, calmante y favorecedor de la regeneración.",,floema,"Referencia general de formulación; borrador por verificar con la ficha del proveedor y la biblioteca","Humectantes e hidratantes","Poco soluble en frío: disolver en agua caliente","",false
"Mel","Miel",,,,"{""Humectante"",""Antimicrobiano""}","","1-5%","Humectante natural por su alta concentración de azúcares. Aporta suavidad; en concentraciones muy altas es antimicrobiana.",,floema,"Referencia general de formulación; borrador por verificar con la ficha del proveedor y la biblioteca","Humectantes e hidratantes","En fórmulas con agua necesita conservante. Puede dar alergia en personas sensibles a los productos de las abejas","",false
"Aloe Barbadensis Leaf Juice Powder","Aloe vera en polvo (200x)",,,,"{""Humectante"",""Calmante""}","","0.5-2% del polvo","Gel de aloe deshidratado y concentrado. Se reconstituye en agua para hacer gel.",,floema,"Referencia general de formulación; borrador por verificar con la ficha del proveedor y la biblioteca","Humectantes e hidratantes","Reconstituir con conservante; el gel fresco se contamina rápido","",false
"Glucose","Glucosa",,,,"{""Humectante""}","","1-5%","Azúcar simple que humecta y que sirve de base a algunos limpiadores suaves.",,floema,"Referencia general de formulación; borrador por verificar con la ficha del proveedor y la biblioteca","Humectantes e hidratantes","","",false
"Polyglyceryl-6 Caprylate","Caprilato de poliglicerilo-6",,,,"{""Humectante"",""Emulsionante""}","","1-5%","Éster de poliglicerina de origen vegetal; humecta y mejora la tolerancia de otros tensioactivos.",,floema,"Referencia general de formulación; borrador por verificar con la ficha del proveedor y la biblioteca","Humectantes e hidratantes","","",false
"Algin","Ácido algínico",,,,"{""Humectante"",""Gelificante""}","","0.5-2%","Extraído de algas pardas. Forma geles con efecto humectante.",,floema,"Referencia general de formulación; borrador por verificar con la ficha del proveedor y la biblioteca","Humectantes e hidratantes","","",false
"Sodium Carboxymethyl Betaglucan","Betaglucano",,,,"{""Humectante"",""Calmante"",""Antioxidante""}","","0.1-1%","Polisacárido de avena o levadura. Hidrata, calma y mejora la elasticidad; muy usado en piel sensible.",,floema,"Referencia general de formulación; borrador por verificar con la ficha del proveedor y la biblioteca","Humectantes e hidratantes","","",false
"Butyrospermum Parkii Butter","Manteca de karité",,,,"{""Emoliente"",""Estructurante"",""Nutritivo""}","","3-10% en cremas; 20-50% en bálsamos","Grasa sólida de las nueces del árbol africano del karité. Sus ácidos oleico y esteárico la hacen cremosa y nutritiva; su fracción insaponificable (triterpenos, tocoferoles, esteroles) aporta efecto calmante y antioxidante.",,floema,"Referencia general de formulación; borrador por verificar con la ficha del proveedor y la biblioteca","Mantecas, ceras y emolientes","Si se enfría lento puede granularse: enfría rápido o recalienta. La sin refinar huele ahumado","",false
"Theobroma Cacao Seed Butter","Manteca de cacao",,,,"{""Emoliente"",""Estructurante"",""Oclusivo""}","","2-10% en cremas; 10-30% en bálsamos","Grasa dura y quebradiza, rica en ácidos esteárico, oleico y palmítico. Funde cerca de los 34 °C. Da dureza y brillo a bálsamos y labiales.",,floema,"Referencia general de formulación; borrador por verificar con la ficha del proveedor y la biblioteca","Mantecas, ceras y emolientes","En piel muy grasa puede sentirse pesada en el rostro","",false
"Mangifera Indica Seed Butter","Manteca de mango",,,,"{""Emoliente"",""Estructurante""}","","3-10% en cremas; 10-30% en bálsamos","Manteca suave y poco pegajosa, rica en ácidos esteárico y oleico. Más ligera que el karité, con muy buen deslizamiento.",,floema,"Referencia general de formulación; borrador por verificar con la ficha del proveedor y la biblioteca","Mantecas, ceras y emolientes","","",false
"Coffea Arabica Seed Butter","Manteca (aceite) de café verde",,,,"{""Emoliente"",""Antioxidante""}","","2-10%","Grasa de granos de café sin tostar, con ácidos linoleico y palmítico, esteroles y tocoferoles. Emoliente de tacto seco. Se le atribuye efecto tonificante; la evidencia clínica es limitada.",,floema,"Referencia general de formulación; borrador por verificar con la ficha del proveedor y la biblioteca","Mantecas, ceras y emolientes","","",false
"Garcinia Indica Seed Butter","Manteca de kokum",,,,"{""Emoliente"",""Estructurante""}","","3-20%","Manteca dura y poco grasosa, rica en ácidos esteárico y oleico. Muy estable; sirve en barras y bálsamos.",,floema,"Referencia general de formulación; borrador por verificar con la ficha del proveedor y la biblioteca","Mantecas, ceras y emolientes","","",false
"Shorea Robusta Seed Butter","Manteca de sal",,,,"{""Emoliente"",""Estructurante""}","","3-20%","Manteca firme, parecida a la de cacao y al karité, rica en ácido esteárico.",,floema,"Referencia general de formulación; borrador por verificar con la ficha del proveedor y la biblioteca","Mantecas, ceras y emolientes","","",false
"Theobroma Grandiflorum Seed Butter","Manteca de cupuaçu",,,,"{""Emoliente"",""Humectante""}","","3-10%","Manteca amazónica de buena capacidad de retener agua y de tacto suave.",,floema,"Referencia general de formulación; borrador por verificar con la ficha del proveedor y la biblioteca","Mantecas, ceras y emolientes","","",false
"Astrocaryum Murumuru Seed Butter","Manteca de murumuru",,,,"{""Emoliente"",""Estructurante""}","","3-10%","Manteca amazónica rica en ácido láurico y mirístico; algo dura y de tacto seco. Se usa en cabello y piel.",,floema,"Referencia general de formulación; borrador por verificar con la ficha del proveedor y la biblioteca","Mantecas, ceras y emolientes","","",false
"Tallow","Sebo bovino purificado (tallow)",,,,"{""Emoliente"",""Oclusivo"",""Estructurante""}","","10-100% según el producto","Grasa bovina purificada, con ácidos oleico (~45%), palmítico y esteárico; composición parecida a la barrera lipídica de la piel. Sólida a temperatura ambiente; funde a 40-45 °C. Base de ungüentos y bálsamos.",,floema,"Referencia general de formulación; borrador por verificar con la ficha del proveedor y la biblioteca","Mantecas, ceras y emolientes","Sin agua no necesita conservante; con agua sí. El de animales pasturados suele ser más rico en vitaminas liposolubles","",false
"Lanolin","Lanolina",,,,"{""Emoliente"",""Oclusivo""}","","2-10%","Grasa natural de la lana de oveja. Emoliente y oclusiva muy eficaz: retiene la humedad de la piel.",,floema,"Referencia general de formulación; borrador por verificar con la ficha del proveedor y la biblioteca","Mantecas, ceras y emolientes","No es vegana. Puede sensibilizar; usa grado cosmético purificado","",false
"Cera Alba","Cera de abeja",,,,"{""Estructurante"",""Emulsionante"",""Oclusivo""}","","2-10% en cremas; 10-25% en bálsamos","Cera de abejas blanqueada o natural. Da cuerpo y protege la piel con una película permeable; coemulsionante débil con bórax o cera emulsionante.",,floema,"Referencia general de formulación; borrador por verificar con la ficha del proveedor y la biblioteca","Mantecas, ceras y emolientes","No es vegana. Algunas personas reaccionan a los productos de las abejas","",false
"Euphorbia Cerifera Wax","Cera de candelilla",,,,"{""Estructurante"",""Formador de película""}","","50% de la cantidad de cera de abeja que reemplaza","Cera vegetal dura y brillante de un arbusto del desierto mexicano. Alternativa vegana a la cera de abeja.",,floema,"Referencia general de formulación; borrador por verificar con la ficha del proveedor y la biblioteca","Mantecas, ceras y emolientes","Punto de fusión 68-73 °C","",false
"Copernicia Cerifera Wax","Cera de carnauba",,,,"{""Estructurante"",""Brillo""}","","1-5% en barras y labiales","La cera vegetal más dura (fusión ~80-86 °C), de palmas de Brasil. Da dureza y brillo espejo.",,floema,"Referencia general de formulación; borrador por verificar con la ficha del proveedor y la biblioteca","Mantecas, ceras y emolientes","Sube mucho el punto de fusión de la mezcla","",false
"Helianthus Annuus Seed Wax","Cera de girasol",,,,"{""Estructurante""}","","1-8%","Cera vegetal ligera, usada como alternativa vegana a la de abeja.",,floema,"Referencia general de formulación; borrador por verificar con la ficha del proveedor y la biblioteca","Mantecas, ceras y emolientes","","",false
"Oryza Sativa Bran Wax","Cera de salvado de arroz",,,,"{""Estructurante""}","","1-8%","Cera vegetal de punto de fusión medio-alto. Usada en barras, labiales y bálsamos.",,floema,"Referencia general de formulación; borrador por verificar con la ficha del proveedor y la biblioteca","Mantecas, ceras y emolientes","","",false
"Hydrogenated Soybean Oil","Cera de soya",,,,"{""Estructurante""}","","5-20% en bálsamos","Aceite de soya hidrogenado, sólido y de textura cerosa. Da cuerpo a velas, bálsamos y cremas.",,floema,"Referencia general de formulación; borrador por verificar con la ficha del proveedor y la biblioteca","Mantecas, ceras y emolientes","Evitar si hay alergia a la soya","",false
"Stearic Acid","Ácido esteárico",,,,"{""Estructurante"",""Coemulsionante""}","","1-10%","Ácido graso saturado (C18) de origen vegetal. Da cuerpo y nacarado a las cremas y forma emulsiones con una base (por ejemplo, con trietanolamina o cera emulsionante).",,floema,"Referencia general de formulación; borrador por verificar con la ficha del proveedor y la biblioteca","Mantecas, ceras y emolientes","","",false
"Palmitic Acid","Ácido palmítico",,,,"{""Estructurante""}","","1-5%","Ácido graso saturado (C16) de aceite de palma o coco. Se usa como espesante y estructurante.",,floema,"Referencia general de formulación; borrador por verificar con la ficha del proveedor y la biblioteca","Mantecas, ceras y emolientes","Revisa que el origen del aceite de palma sea sostenible","",false
"Cetyl Alcohol","Alcohol cetílico",,,,"{""Coemulsionante"",""Espesante"",""Emoliente""}","","2-6%","Alcohol graso sólido de origen vegetal (no es alcohol etílico): no reseca. Da cuerpo y tacto sedoso a cremas y acondicionadores.",,floema,"Referencia general de formulación; borrador por verificar con la ficha del proveedor y la biblioteca","Mantecas, ceras y emolientes","","",false
"Stearyl Alcohol","Alcohol estearílico",,,,"{""Coemulsionante"",""Espesante"",""Emoliente""}","","2-5%","Alcohol graso sólido, primo del cetílico pero más cerúleo. Da estructura y cuerpo a cremas y acondicionadores.",,floema,"Referencia general de formulación; borrador por verificar con la ficha del proveedor y la biblioteca","Mantecas, ceras y emolientes","","",false
"Cetearyl Alcohol","Alcohol cetearílico",,,,"{""Coemulsionante"",""Espesante""}","","3-8%","Mezcla de alcohol cetílico y estearílico. Coemulsionante y espesante de referencia en cremas y acondicionadores.",,floema,"Referencia general de formulación; borrador por verificar con la ficha del proveedor y la biblioteca","Mantecas, ceras y emolientes","","",false
"Behenyl Alcohol","Alcohol behenílico",,,,"{""Espesante"",""Estructurante""}","","1-5%","Alcohol graso de cadena larga (C22). Da cuerpo rico y un tacto aterciopelado; base de los acondicionadores.",,floema,"Referencia general de formulación; borrador por verificar con la ficha del proveedor y la biblioteca","Mantecas, ceras y emolientes","","",false
"Glyceryl Stearate","Monoestearato de glicerina (GMS)",,,,"{""Coemulsionante"",""Estructurante"",""Emoliente""}","","2-5%","Coemulsionante no iónico de origen vegetal. Refuerza la emulsión y da cuerpo y suavidad.",,floema,"Referencia general de formulación; borrador por verificar con la ficha del proveedor y la biblioteca","Mantecas, ceras y emolientes","","",false
"Glyceryl Oleate","Oleato de glicerilo",,,,"{""Emoliente"",""Coemulsionante""}","","1-5%","Emoliente y coemulsionante suave de origen vegetal.",,floema,"Referencia general de formulación; borrador por verificar con la ficha del proveedor y la biblioteca","Mantecas, ceras y emolientes","","",false
"Cetyl Palmitate","Palmitato de cetilo",,,,"{""Estructurante"",""Emoliente""}","","1-5%","Éster ceroso (parecido al espermaceti) de origen vegetal. Da cuerpo y suavidad a cremas y barras.",,floema,"Referencia general de formulación; borrador por verificar con la ficha del proveedor y la biblioteca","Mantecas, ceras y emolientes","","",false
"Cetyl Esters","Ésteres de cetilo",,,,"{""Estructurante"",""Emoliente""}","","1-5%","Mezcla de ésteres cerosos vegetales usados como sustituto del espermaceti.",,floema,"Referencia general de formulación; borrador por verificar con la ficha del proveedor y la biblioteca","Mantecas, ceras y emolientes","","",false
"Isopropyl Myristate","Miristato de isopropilo",,,,"{""Emoliente"",""Disolvente""}","","1-10%","Éster ligero que da tacto seco y mejora la extensión. Se absorbe rápido.",,floema,"Referencia general de formulación; borrador por verificar con la ficha del proveedor y la biblioteca","Mantecas, ceras y emolientes","Puede ser comedogénico en piel propensa al acné","",false
"Isopropyl Palmitate","Palmitato de isopropilo",,,,"{""Emoliente""}","","1-10%","Éster ligero de tacto sedoso, parecido al miristato.",,floema,"Referencia general de formulación; borrador por verificar con la ficha del proveedor y la biblioteca","Mantecas, ceras y emolientes","Puede ser comedogénico","",false
"Coco-Caprylate/Caprate","Caprilato/caprato de coco",,,,"{""Emoliente""}","","2-15%","Éster ligero derivado del coco, de absorción rápida y tacto seco. Alternativa natural a las siliconas.",,floema,"Referencia general de formulación; borrador por verificar con la ficha del proveedor y la biblioteca","Mantecas, ceras y emolientes","","",false
"Dicaprylyl Carbonate","Carbonato de dicaprililo",,,,"{""Emoliente""}","","2-15%","Emoliente ligero y seco derivado de aceites vegetales. Muy buena extensión.",,floema,"Referencia general de formulación; borrador por verificar con la ficha del proveedor y la biblioteca","Mantecas, ceras y emolientes","","",false
"C15-19 Alkane","Alcano vegetal (C15-19)",,,,"{""Emoliente""}","","2-10%","Hidrocarburos ligeros de origen vegetal, usados como alternativa natural a las siliconas en el tacto seco.",,floema,"Referencia general de formulación; borrador por verificar con la ficha del proveedor y la biblioteca","Mantecas, ceras y emolientes","","",false
"Hydrolyzed Jojoba Esters","Ésteres de jojoba hidrolizados",,,,"{""Emoliente"",""Estructurante""}","","1-10%","Cera de jojoba procesada, en perlas o polvo. Se usa en exfoliantes suaves y barras.",,floema,"Referencia general de formulación; borrador por verificar con la ficha del proveedor y la biblioteca","Mantecas, ceras y emolientes","","",false
"Glyceryl Caprylate","Caprilato de glicerilo",,,,"{""Emoliente"",""Potenciador de conservante""}","","0.3-1%","Éster de glicerina y ácido caprílico. Emoliente que también refuerza la acción de los conservantes.",,floema,"Referencia general de formulación; borrador por verificar con la ficha del proveedor y la biblioteca","Mantecas, ceras y emolientes","","",false
"Cholesterol","Colesterol",,,,"{""Acondicionador de piel"",""Emoliente""}","","0.5-2%","Lípido de la barrera cutánea. En cosmética restaura la barrera junto a ceramidas y ácidos grasos (proporción aproximada 1:1:1).",,floema,"Referencia general de formulación; borrador por verificar con la ficha del proveedor y la biblioteca","Mantecas, ceras y emolientes","","",false
"Phytosphingosine","Fitoesfingosina",,,,"{""Acondicionador de piel"",""Antimicrobiano""}","","0.1-0.5%","Lípido parecido a las esfingosinas de la barrera cutánea. Se usa en piel con tendencia a acné y barrera dañada.",,floema,"Referencia general de formulación; borrador por verificar con la ficha del proveedor y la biblioteca","Mantecas, ceras y emolientes","","",false
"Kaolin","Caolín (arcilla blanca)",,,,"{""Absorbente"",""Matificante"",""Abrasivo suave""}","","10-100% en mascarillas","La arcilla más suave: absorbe poco y limpia sin resecar. Apta para piel sensible, mixta o seca, y base de polvos y mascarillas.",,floema,"Referencia general de formulación; borrador por verificar con la ficha del proveedor y la biblioteca","Arcillas, minerales y pigmentos","No inhalar el polvo. No usar utensilios metálicos al mezclar","",false
"Illite","Arcilla verde (illita)",,,,"{""Absorbente"",""Astringente""}","","10-100% en mascarillas","Arcilla de grano fino, muy absorbente. Se usa en piel grasa o con imperfecciones. El color verde se debe a restos de materia orgánica y óxidos de hierro.",,floema,"Referencia general de formulación; borrador por verificar con la ficha del proveedor y la biblioteca","Arcillas, minerales y pigmentos","Puede resecar si se deja secar del todo sobre la piel. No usar utensilios metálicos","",false
"Red Clay","Arcilla roja",,,,"{""Absorbente""}","","10-100%","Arcilla rica en óxidos de hierro, de absorción media. Se usa en piel sensible o con rojeces y en cabello.",,floema,"Referencia general de formulación; borrador por verificar con la ficha del proveedor y la biblioteca","Arcillas, minerales y pigmentos","Puede teñir piel clara o telas","",false
"Yellow Clay","Arcilla amarilla",,,,"{""Absorbente""}","","10-100%","Illita con hidróxidos de hierro. Absorción media y limpia con suavidad; se usa para piel apagada y como base de mascarillas.",,floema,"Referencia general de formulación; borrador por verificar con la ficha del proveedor y la biblioteca","Arcillas, minerales y pigmentos","","",false
"Pink Clay","Arcilla rosa",,,,"{""Absorbente""}","","10-100%","Mezcla de caolín y arcilla roja. La más suave de las coloreadas, ideal para piel sensible o seca.",,floema,"Referencia general de formulación; borrador por verificar con la ficha del proveedor y la biblioteca","Arcillas, minerales y pigmentos","","",false
"Black Clay","Arcilla negra",,,,"{""Absorbente""}","","10-100% en mascarillas","Su composición cambia según el proveedor (suele ser una mezcla de arcillas con minerales oscuros o con carbón). Pide la ficha técnica a tu proveedor.",,floema,"Referencia general de formulación; borrador por verificar con la ficha del proveedor y la biblioteca","Arcillas, minerales y pigmentos","Composición variable","",false
"Montmorillonite","Montmorillonita",,,,"{""Absorbente"",""Espesante""}","","10-100% en mascarillas","Arcilla del grupo de las esmectitas, de mucha capacidad de hinchamiento y absorción. La bentonita es una arcilla de este tipo.",,floema,"Referencia general de formulación; borrador por verificar con la ficha del proveedor y la biblioteca","Arcillas, minerales y pigmentos","","",false
"Moroccan Lava Clay","Rhassoul (ghassoul)",,,,"{""Absorbente"",""Tensioactivo limpiador""}","","Mascarillas y lavado","Arcilla marroquí rica en magnesio y silicio. Limpia con suavidad y deja una sensación sedosa en piel y cabello.",,floema,"Referencia general de formulación; borrador por verificar con la ficha del proveedor y la biblioteca","Arcillas, minerales y pigmentos","","",false
"Diatomaceous Earth","Tierra de diatomeas",,,,"{""Absorbente"",""Abrasivo suave""}","","1-10%","Sílice fósil de microalgas. Abrasivo suave y absorbente, usado en exfoliantes y dentífricos.",,floema,"Referencia general de formulación; borrador por verificar con la ficha del proveedor y la biblioteca","Arcillas, minerales y pigmentos","No inhalar el polvo (sílice)","",false
"Charcoal Powder","Carbón activado",,,,"{""Absorbente""}","","1-10% en mascarillas; 0.5-2% en jabones","Polvo de carbón muy poroso que adsorbe impurezas, sebo superficial y olores. La idea de ""detox profundo"" es marketing: limpia la superficie, como una arcilla.",,floema,"Referencia general de formulación; borrador por verificar con la ficha del proveedor y la biblioteca","Arcillas, minerales y pigmentos","Mancha telas y lavamanos. No inhalar el polvo","",false
"Zinc Oxide","Óxido de zinc",,,,"{""Protector"",""Absorbente"",""Astringente"",""Filtro UV""}","UE: como filtro UV hasta 25%; la forma nano tiene restricciones","1-5% como matificante o protector; 15-25% como filtro solar","Mineral blanco de acción muy amplia: protector físico de la piel, astringente y filtro solar físico (UVA y UVB). Ayuda en dermatitis del pañal y en productos para piel grasa.",,floema,"Referencia general de formulación; borrador por verificar con la ficha del proveedor y la biblioteca","Arcillas, minerales y pigmentos","No inhalar el polvo. Dispersarlo bien en aceite o glicerina: forma grumos blancos. En protector solar casero no garantiza el factor","",false
"Titanium Dioxide","Dióxido de titanio",,,,"{""Pigmento"",""Filtro UV"",""Absorbente""}","Restringido por inhalación en productos en polvo y aerosol: revisa tu normativa","1-5% como pigmento o blanqueador","Pigmento blanco opacificante y filtro solar físico. Da cobertura y blanquea.",,floema,"Referencia general de formulación; borrador por verificar con la ficha del proveedor y la biblioteca","Arcillas, minerales y pigmentos","Dispersar primero en un poco de glicerina o aceite: en seco forma grumos blancos. No inhalar el polvo. Usado así no es un protector solar","",false
"Iron Oxides","Óxidos de hierro (CI 77491, 77492, 77499)",,,,"{""Pigmento"",""Colorante""}","","0.1-5% según el tono","Pigmentos minerales rojos, amarillos y negros, muy estables. Se mezclan para lograr tonos de piel, tierra y marrón en bases, polvos y labiales.",,floema,"Referencia general de formulación; borrador por verificar con la ficha del proveedor y la biblioteca","Arcillas, minerales y pigmentos","No inhalar el polvo","",false
"Mica","Mica (CI 77019)",,,,"{""Pigmento"",""Brillo""}","","2-20% en polvos","Mineral en láminas finas que da brillo y efecto perlado a polvos, iluminadores y labiales.",,floema,"Referencia general de formulación; borrador por verificar con la ficha del proveedor y la biblioteca","Arcillas, minerales y pigmentos","Elige proveedores con abastecimiento ético certificado. No inhalar el polvo","",false
"Ultramarines","Ultramarinos (CI 77007)",,,,"{""Pigmento""}","","0.1-5%","Pigmentos minerales azules, violetas o rosados, estables y de baja toxicidad.",,floema,"Referencia general de formulación; borrador por verificar con la ficha del proveedor y la biblioteca","Arcillas, minerales y pigmentos","No inhalar el polvo","",false
"Chromium Oxide Greens","Óxido de cromo verde (CI 77288)",,,,"{""Pigmento""}","","0.1-5%","Pigmento mineral verde, muy estable. Se usa en cosmética de color.",,floema,"Referencia general de formulación; borrador por verificar con la ficha del proveedor y la biblioteca","Arcillas, minerales y pigmentos","No inhalar el polvo","",false
"Calcium Carbonate","Carbonato de calcio",,,,"{""Absorbente"",""Abrasivo suave""}","","5-30%","Mineral blanco, abrasivo suave usado en dentífricos, polvos y exfoliantes.",,floema,"Referencia general de formulación; borrador por verificar con la ficha del proveedor y la biblioteca","Arcillas, minerales y pigmentos","","",false
"Magnesium Carbonate","Carbonato de magnesio",,,,"{""Absorbente""}","","1-10%","Polvo muy ligero y absorbente, de tacto sedoso.",,floema,"Referencia general de formulación; borrador por verificar con la ficha del proveedor y la biblioteca","Arcillas, minerales y pigmentos","No inhalar el polvo","",false
"Magnesium Sulfate","Sulfato de magnesio (sal de Epsom)",,,,"{""Mineral"",""Exfoliante""}","","10-100% en sales de baño","Sal de baño tradicional. Se usa en sales y baños de pies.",,floema,"Referencia general de formulación; borrador por verificar con la ficha del proveedor y la biblioteca","Arcillas, minerales y pigmentos","Los efectos de que ""el magnesio se absorba por la piel"" no están bien demostrados","",false
"Maris Sal","Sal de mar",,,,"{""Exfoliante"",""Mineral""}","","10-100% en exfoliantes","Sal marina entera, con minerales traza. Se usa en exfoliantes corporales y baños.",,floema,"Referencia general de formulación; borrador por verificar con la ficha del proveedor y la biblioteca","Arcillas, minerales y pigmentos","Irrita piel con heridas; evitar en rostro","",false
"Potassium Alum","Alumbre potásico",,,,"{""Desodorante"",""Astringente""}","","10-15% en barra; solución saturada en spray","Sal mineral con acción astringente y antibacteriana suave. Se usa como desodorante.",,floema,"Referencia general de formulación; borrador por verificar con la ficha del proveedor y la biblioteca","Arcillas, minerales y pigmentos","Puede irritar la piel afeitada","",false
"Maris Limus","Barro marino (lodo de mar)",,,,"{""Mineral"",""Absorbente""}","","10-100%","Barro de mar o de salinas, rico en minerales. Se usa en mascarillas corporales.",,floema,"Referencia general de formulación; borrador por verificar con la ficha del proveedor y la biblioteca","Arcillas, minerales y pigmentos","","",false
"Zeolite","Zeolita",,,,"{""Absorbente"",""Desodorante""}","","1-10%","Mineral volcánico poroso que adsorbe olores y humedad.",,floema,"Referencia general de formulación; borrador por verificar con la ficha del proveedor y la biblioteca","Arcillas, minerales y pigmentos","No inhalar el polvo","",false
"Talc","Talco",,,,"{""Absorbente"",""Agente de carga""}","","Evitar","Silicato de magnesio muy suave. Se evita en polvos por riesgo de contaminación con asbesto si no es de grado cosmético y por inhalación.",,floema,"Referencia general de formulación; borrador por verificar con la ficha del proveedor y la biblioteca","Arcillas, minerales y pigmentos","No inhalar. Alternativas: almidón, arrowroot, caolín","",false
"Juglans Regia Shell Powder","Cáscara de nuez molida",,,,"{""Exfoliante"",""Abrasivo suave""}","","5-20%","Exfoliante físico de grano fino a medio. Usado en exfoliantes corporales.",,floema,"Referencia general de formulación; borrador por verificar con la ficha del proveedor y la biblioteca","Arcillas, minerales y pigmentos","Los granos angulosos pueden irritar el rostro; evitar si hay alergia a frutos secos","",false
"Prunus Armeniaca Seed Powder","Carozo de damasco molido",,,,"{""Exfoliante"",""Abrasivo suave""}","","5-20%","Exfoliante físico, algo más suave que la cáscara de nuez.",,floema,"Referencia general de formulación; borrador por verificar con la ficha del proveedor y la biblioteca","Arcillas, minerales y pigmentos","Puede dar microcortes en el rostro; evitar si hay alergia a rosáceas","",false
"Coffea Arabica Seed Powder","Café molido",,,,"{""Exfoliante"",""Estimulante""}","","10-50% en exfoliantes","Café usado o recién molido como exfoliante corporal. Aporta cafeína y aroma.",,floema,"Referencia general de formulación; borrador por verificar con la ficha del proveedor y la biblioteca","Arcillas, minerales y pigmentos","Puede tapar desagües y teñir","",false
"Sucrose","Azúcar",,,,"{""Exfoliante"",""Humectante""}","","30-60% en exfoliantes","Cristales de azúcar para exfoliantes corporales: se disuelven con el agua.",,floema,"Referencia general de formulación; borrador por verificar con la ficha del proveedor y la biblioteca","Arcillas, minerales y pigmentos","Se disuelve en contacto con agua: no guardar en baños húmedos","",false
"Oryza Sativa Bran Powder","Salvado de arroz",,,,"{""Exfoliante"",""Absorbente""}","","5-30%","Polvo de salvado de arroz, usado como exfoliante suave y en mascarillas.",,floema,"Referencia general de formulación; borrador por verificar con la ficha del proveedor y la biblioteca","Arcillas, minerales y pigmentos","","",false
"Theobroma Cacao Seed Powder","Cacao en polvo",,,,"{""Colorante"",""Antioxidante""}","","2-10%","Cacao sin azúcar. Aporta color marrón y polifenoles; se usa en mascarillas y bases de maquillaje natural.",,floema,"Referencia general de formulación; borrador por verificar con la ficha del proveedor y la biblioteca","Arcillas, minerales y pigmentos","Puede teñir. En productos con agua se contamina fácil","",false
"Beta Vulgaris Root Powder","Betarraga (remolacha) en polvo",,,,"{""Colorante""}","","1-5%","Polvo de remolacha. Da color rosado a rojo; poco estable a luz y calor.",,floema,"Referencia general de formulación; borrador por verificar con la ficha del proveedor y la biblioteca","Arcillas, minerales y pigmentos","Destiñe y se degrada rápido","",false
"Indigofera Tinctoria Leaf Powder","Índigo (añil) en polvo",,,,"{""Tintura capilar"",""Colorante""}","","Según la receta","Polvo vegetal que, junto con la henna, da tonos oscuros al cabello.",,floema,"Referencia general de formulación; borrador por verificar con la ficha del proveedor y la biblioteca","Arcillas, minerales y pigmentos","Puede teñir piel y telas","",false
"Lawsonia Inermis Leaf Powder","Henna",,,,"{""Tintura capilar"",""Acondicionador capilar""}","","Según la receta","Polvo de hoja que tiñe el cabello de rojizo (lawsona) y lo recubre, dándole cuerpo y fuerza.",,floema,"Referencia general de formulación; borrador por verificar con la ficha del proveedor y la biblioteca","Arcillas, minerales y pigmentos","El tinte es permanente. Evita la ""henna negra"": suele traer PPD, un alérgeno grave","",false
"Cassia Obovata Flower Powder","Cassia (henna neutra)",,,,"{""Acondicionador capilar""}","","Según la receta","Polvo que acondiciona y da brillo al cabello sin teñir de forma marcada.",,floema,"Referencia general de formulación; borrador por verificar con la ficha del proveedor y la biblioteca","Arcillas, minerales y pigmentos","En cabello rubio puede dar un tono amarillento","",false
"Bixa Orellana Seed Extract","Achiote (annatto)",,,,"{""Colorante""}","","0.1-2%","Colorante natural naranja-rojizo de las semillas del achiote.",,floema,"Referencia general de formulación; borrador por verificar con la ficha del proveedor y la biblioteca","Arcillas, minerales y pigmentos","Tiñe; puede sensibilizar en algunas personas","",false
"Alkanna Tinctoria Root Extract","Raíz de alkanna",,,,"{""Colorante""}","","0.1-2%","Pigmento rojo-violáceo liposoluble de la raíz de la alkanna. Se usa en labiales y bálsamos.",,floema,"Referencia general de formulación; borrador por verificar con la ficha del proveedor y la biblioteca","Arcillas, minerales y pigmentos","Puede contener trazas de alcaloides pirrolizidínicos: usar grado cosmético","",false
"Capsicum Annuum Fruit Powder","Pimentón (paprika) en polvo",,,,"{""Colorante""}","","0.1-2%","Polvo rojo-anaranjado de pimiento, usado como pigmento natural suave.",,floema,"Referencia general de formulación; borrador por verificar con la ficha del proveedor y la biblioteca","Arcillas, minerales y pigmentos","Irrita ojos y mucosas","",false
"Parfum","Fragancia (perfume)",,,,"{""Fragancia""}","Declarar alérgenos sobre 0.001% (se dejan) o 0.01% (se enjuagan)","Según el producto","Mezcla de aromas sintéticos o naturales. Los aceites esenciales no se declaran como ""Parfum"", sino por su nombre, pero sí hay que declarar los alérgenos.",,floema,"Referencia general de formulación; borrador por verificar con la ficha del proveedor y la biblioteca","Otros ingredientes","Los 26 alérgenos de fragancia deben declararse sobre cierto umbral en la UE","",false
"Sodium Borate","Bórax (borato de sodio)",,,,"{""Regulador de pH"",""Emulsionante""}","Restringido en la UE","Según la receta","Sal mineral usada en cremas antiguas con cera de abeja: reacciona con ella y forma un emulsionante.",,floema,"Referencia general de formulación; borrador por verificar con la ficha del proveedor y la biblioteca","Otros ingredientes","Está restringido o prohibido en cosmética en varios países, sobre todo en productos para niños y en piel con heridas. Revisa tu normativa antes de usarlo","",false
"Sodium Carbonate","Carbonato de sodio (soda ash)",,,,"{""Regulador de pH""}","","Según la receta","Base más débil que la soda cáustica. Sube el pH de sales y jabones en polvo.",,floema,"Referencia general de formulación; borrador por verificar con la ficha del proveedor y la biblioteca","Otros ingredientes","Irritante en polvo. Alcaliniza","",false
"Sodium Sesquicarbonate","Sesquicarbonato de sodio",,,,"{""Regulador de pH""}","","Según la receta","Sal alcalina intermedia entre el bicarbonato y el carbonato.",,floema,"Referencia general de formulación; borrador por verificar con la ficha del proveedor y la biblioteca","Otros ingredientes","Alcaliniza","",false
"Glyceryl Laurate","Laurato de glicerilo",,,,"{""Antimicrobiano"",""Emoliente""}","","0.5-2%","Éster de glicerina y ácido láurico, con acción antimicrobiana suave. Se usa en desodorantes y como booster de conservantes.",,floema,"Referencia general de formulación; borrador por verificar con la ficha del proveedor y la biblioteca","Otros ingredientes","","",false
"Cetyl Hydroxyethylcellulose","Cetil hidroxietilcelulosa",,,,"{""Espesante"",""Estabilizante""}","","0.3-1%","Espesante celulósico modificado que estabiliza emulsiones y da cuerpo a geles.",,floema,"Referencia general de formulación; borrador por verificar con la ficha del proveedor y la biblioteca","Otros ingredientes","","",false
"Beeswax Absolute","Cera de abeja absoluta",,,,"{""Fragancia""}","","0.1-1%","Extracto con aroma a miel de la cera de abeja. Se usa en perfumería natural.",,floema,"Referencia general de formulación; borrador por verificar con la ficha del proveedor y la biblioteca","Otros ingredientes","Alérgeno en personas sensibles a los productos de las abejas","",false
"Alcohol Denat.","Alcohol desnaturalizado",,,,"{""Disolvente"",""Astringente""}","","5-50%","Etanol con sustancias que lo hacen no apto para beber. Se usa como disolvente y astringente.",,floema,"Referencia general de formulación; borrador por verificar con la ficha del proveedor y la biblioteca","Otros ingredientes","Reseca; no es adecuado para tinturas de uso interno","",false
"Sodium Magnesium Silicate","Silicato de sodio y magnesio (arcilla sintética)",,,,"{""Espesante"",""Suspensor""}","","0.5-3%","Arcilla sintética que forma geles transparentes y suspende partículas.",,floema,"Referencia general de formulación; borrador por verificar con la ficha del proveedor y la biblioteca","Otros ingredientes","","",false
"Polyquaternium-10","Polyquaternium-10",,,,"{""Acondicionador capilar"",""Antiestático""}","","0.1-1%","Polímero catiónico derivado de la celulosa; acondiciona y reduce la electricidad estática. No es natural.",,floema,"Referencia general de formulación; borrador por verificar con la ficha del proveedor y la biblioteca","Otros ingredientes","Incompatible con aniónicos fuertes","",false
"Guar Hydroxypropyltrimonium Chloride","Guar catiónico",,,,"{""Acondicionador capilar""}","","0.1-0.5%","Guar modificada con carga positiva. Acondiciona y desenreda sin siliconas.",,floema,"Referencia general de formulación; borrador por verificar con la ficha del proveedor y la biblioteca","Otros ingredientes","Incompatible con aniónicos fuertes","",false
"Glycol Distearate","Diestearato de glicol",,,,"{""Estructurante""}","","1-3%","Cera que da nacarado a champús y geles.",,floema,"Referencia general de formulación; borrador por verificar con la ficha del proveedor y la biblioteca","Otros ingredientes","","",false
"Cocos Nucifera Husk Powder","Fibra de coco (cáscara molida)",,,,"{""Exfoliante"",""Abrasivo suave""}","","5-20%","Fibra de la cáscara del coco molida, usada como exfoliante físico.",,floema,"Referencia general de formulación; borrador por verificar con la ficha del proveedor y la biblioteca","Otros ingredientes","","",false
"Sodium Cocoyl Isethionate","SCI (cocoil isetionato de sodio)",,,,"{""Tensioactivo limpiador"",""Espumante""}","","30-60% en barras; 5-15% en líquidos","Tensioactivo aniónico suave derivado del coco, en escamas o polvo. Base de los syndets de alta cosmética: espuma densa y cremosa, pH 5.5-6.5, y deposita emolientes al enjuagar. Funde a ~55 °C.",,floema,"Referencia general de formulación; borrador por verificar con la ficha del proveedor y la biblioteca","Tensioactivos y limpiadores","Incompatible con tensioactivos catiónicos (BTMS). Poco soluble en frío","",false
"Disodium Cocoyl Glutamate","Cocoil glutamato de disodio",,,,"{""Tensioactivo limpiador"",""Espumante""}","","5-15%","Tensioactivo aniónico muy suave, derivado del coco y del ácido glutámico. Funciona a pH 5-6, cercano al de la piel, y da espuma cremosa.",,floema,"Referencia general de formulación; borrador por verificar con la ficha del proveedor y la biblioteca","Tensioactivos y limpiadores","Incompatible con catiónicos","",false
"Sodium Cocoyl Glutamate","Cocoil glutamato de sodio",,,,"{""Tensioactivo limpiador"",""Espumante""}","","5-15%","Hermano del anterior: aniónico muy suave de coco y ácido glutámico. Ideal para rostro y piel sensible.",,floema,"Referencia general de formulación; borrador por verificar con la ficha del proveedor y la biblioteca","Tensioactivos y limpiadores","Incompatible con catiónicos","",false
"Sodium Lauroyl Sarcosinate","Lauroil sarcosinato de sodio",,,,"{""Tensioactivo limpiador"",""Espumante""}","","5-15%","Tensioactivo aniónico de espuma abundante y buen poder limpiador, algo más suave que un sulfato.",,floema,"Referencia general de formulación; borrador por verificar con la ficha del proveedor y la biblioteca","Tensioactivos y limpiadores","Puede irritar piel sensible","",false
"Sodium Lauryl Sulfoacetate","SLSA (lauril sulfoacetato de sodio)",,,,"{""Tensioactivo limpiador"",""Espumante""}","","10-40% en barras","Tensioactivo aniónico en polvo, de espuma abundante y algo más suave que un sulfato clásico. Se usa en barras y champús sólidos.",,floema,"Referencia general de formulación; borrador por verificar con la ficha del proveedor y la biblioteca","Tensioactivos y limpiadores","Incompatible con catiónicos","",false
"Sodium Coco-Sulfate","SCS (coco sulfato de sodio)",,,,"{""Tensioactivo limpiador"",""Espumante""}","","5-20%","Sulfato de origen coco. Espuma abundante y desengrasa bien: más potente y resecante que el SCI.",,floema,"Referencia general de formulación; borrador por verificar con la ficha del proveedor y la biblioteca","Tensioactivos y limpiadores","Poco recomendable para piel sensible o seca","",false
"Sodium Lauryl Sulfate","SLS (lauril sulfato de sodio)",,,,"{""Tensioactivo limpiador"",""Espumante""}","","Según la fórmula","Tensioactivo aniónico potente y económico. Espuma abundante y desengrasa mucho.",,floema,"Referencia general de formulación; borrador por verificar con la ficha del proveedor y la biblioteca","Tensioactivos y limpiadores","Irritante: poco adecuado para piel o cuero cabelludo sensibles. No es ""natural"" aunque derive del coco","",false
"Sodium Laureth Sulfate","SLES (lauril éter sulfato de sodio)",,,,"{""Tensioactivo limpiador"",""Espumante""}","","5-15%","Sulfato etoxilado, más suave que el SLS. Base de muchos champús y geles de ducha convencionales.",,floema,"Referencia general de formulación; borrador por verificar con la ficha del proveedor y la biblioteca","Tensioactivos y limpiadores","Puede contener trazas de 1,4-dioxano (subproducto del proceso)","",false
"Cocamidopropyl Betaine","Betaína de coco (cocamidopropil betaína)",,,,"{""Espumante"",""Tensioactivo limpiador""}","","3-10%","Tensioactivo anfótero. Da espuma, espesa con un poco de sal y suaviza a los aniónicos.",,floema,"Referencia general de formulación; borrador por verificar con la ficha del proveedor y la biblioteca","Tensioactivos y limpiadores","Trae trazas de impurezas que pueden sensibilizar a algunas personas","",false
"Coco-Betaine","Coco betaína",,,,"{""Espumante"",""Tensioactivo limpiador""}","","3-10%","Tensioactivo anfótero sin el grupo amido, más suave y con menos impurezas sensibilizantes que la cocamidopropil betaína.",,floema,"Referencia general de formulación; borrador por verificar con la ficha del proveedor y la biblioteca","Tensioactivos y limpiadores","","",false
"Disodium Cocoamphodiacetate","Cocoanfodiacetato de disodio",,,,"{""Tensioactivo limpiador"",""Espumante""}","","3-15%","Tensioactivo anfótero muy suave, que reduce la irritación de otros tensioactivos. Usado en productos para bebé y piel sensible.",,floema,"Referencia general de formulación; borrador por verificar con la ficha del proveedor y la biblioteca","Tensioactivos y limpiadores","","",false
"Sodium Cocoamphoacetate","Cocoanfoacetato de sodio",,,,"{""Tensioactivo limpiador"",""Espumante""}","","3-15%","Tensioactivo anfótero suave, buen compañero de los aniónicos.",,floema,"Referencia general de formulación; borrador por verificar con la ficha del proveedor y la biblioteca","Tensioactivos y limpiadores","","",false
"Coco-Glucoside","Coco-glucósido",,,,"{""Tensioactivo limpiador"",""Espumante""}","","5-15%","Tensioactivo no iónico suave, hecho de azúcares y grasas del coco. Complementa a los aniónicos: mejora la espuma y reduce la irritación.",,floema,"Referencia general de formulación; borrador por verificar con la ficha del proveedor y la biblioteca","Tensioactivos y limpiadores","","",false
"Decyl Glucoside","Decil glucósido",,,,"{""Tensioactivo limpiador"",""Espumante""}","","5-20%","Tensioactivo no iónico muy suave, de azúcares y alcoholes grasos de coco. Aguanta bien el pH ácido y la piel sensible.",,floema,"Referencia general de formulación; borrador por verificar con la ficha del proveedor y la biblioteca","Tensioactivos y limpiadores","","",false
"Lauryl Glucoside","Lauril glucósido",,,,"{""Tensioactivo limpiador"",""Espumante""}","","5-20%","Tensioactivo no iónico suave, de espuma más estable que el decil glucósido.",,floema,"Referencia general de formulación; borrador por verificar con la ficha del proveedor y la biblioteca","Tensioactivos y limpiadores","","",false
"Caprylyl/Capryl Glucoside","Caprilil/capril glucósido",,,,"{""Tensioactivo limpiador"",""Solubilizante""}","","2-10%","Tensioactivo no iónico muy suave, de cadena corta. Solubiliza y refuerza conservantes.",,floema,"Referencia general de formulación; borrador por verificar con la ficha del proveedor y la biblioteca","Tensioactivos y limpiadores","","",false
"Sodium Methyl Cocoyl Taurate","Metil cocoil taurato de sodio",,,,"{""Tensioactivo limpiador"",""Espumante""}","","5-15%","Tensioactivo aniónico suave, de buena espuma y buen tacto. Funciona en agua dura.",,floema,"Referencia general de formulación; borrador por verificar con la ficha del proveedor y la biblioteca","Tensioactivos y limpiadores","Incompatible con catiónicos","",false
"Sodium Lauroyl Methyl Isethionate","Lauroil metil isetionato de sodio",,,,"{""Tensioactivo limpiador"",""Espumante""}","","5-15%","Tensioactivo aniónico suave, tipo isetionato, de buena espuma y tolerancia.",,floema,"Referencia general de formulación; borrador por verificar con la ficha del proveedor y la biblioteca","Tensioactivos y limpiadores","Incompatible con catiónicos","",false
"Sodium Olivate","Jabón de oliva (olivato de sodio)",,,,"{""Tensioactivo limpiador""}","","Según la receta","Jabón obtenido saponificando aceite de oliva con soda cáustica. Base del jabón de Castilla: limpia y es suave, pero su pH es alcalino (~9-10).",,floema,"Referencia general de formulación; borrador por verificar con la ficha del proveedor y la biblioteca","Tensioactivos y limpiadores","pH alcalino: no es ideal para el rostro ni para el cuero cabelludo. La soda cáustica exige guantes, gafas y curado de 4-6 semanas","",false
"Sodium Cocoate","Jabón de coco (cocoato de sodio)",,,,"{""Tensioactivo limpiador"",""Espumante""}","","Según la receta","Jabón de aceite de coco: espuma abundante, pero muy desengrasante y alcalino.",,floema,"Referencia general de formulación; borrador por verificar con la ficha del proveedor y la biblioteca","Tensioactivos y limpiadores","pH alcalino","",false
"Sodium Tallowate","Jabón de sebo (tallowato de sodio)",,,,"{""Tensioactivo limpiador""}","","Según la receta","Jabón obtenido saponificando sebo bovino. Da una barra dura, de espuma estable y buen tacto.",,floema,"Referencia general de formulación; borrador por verificar con la ficha del proveedor y la biblioteca","Tensioactivos y limpiadores","pH alcalino; curado de 4-6 semanas","",false
"Sapindus Mukorossi Fruit Extract","Reetha (nuez de jabón)",,,,"{""Tensioactivo limpiador"",""Espumante""}","","Según el preparado","Fruto rico en saponinas, tradicional en la India para lavar cabello y piel.",,floema,"Referencia general de formulación; borrador por verificar con la ficha del proveedor y la biblioteca","Tensioactivos y limpiadores","Puede irritar los ojos","",false
"Sodium Lauroyl Lactylate","Lauroil lactilato de sodio",,,,"{""Emulsionante"",""Tensioactivo limpiador""}","","0.5-5%","Tensioactivo aniónico suave de origen vegetal que también actúa como emulsionante.",,floema,"Referencia general de formulación; borrador por verificar con la ficha del proveedor y la biblioteca","Tensioactivos y limpiadores","","",false
"Sodium Cocoyl Alaninate","Cocoil alaninato de sodio",,,,"{""Tensioactivo limpiador"",""Espumante""}","","5-15%","Tensioactivo aniónico suave, derivado de coco y del aminoácido alanina.",,floema,"Referencia general de formulación; borrador por verificar con la ficha del proveedor y la biblioteca","Tensioactivos y limpiadores","Incompatible con catiónicos","",false
"Piper Aduncum Leaf Extract","Matico",,,,"{""Astringente"",""Cicatrizante"",""Antimicrobiano""}","","","Piper aduncum (Piperaceae). Parte usada: hoja. Usos cosméticos tradicionales: Tónico reparador para pieles agredidas post-tratamiento; Activo en sérum cicatrizante para cicatrices y estrías; Calmante en formulaciones para pieles reactivas o atópicas. Lo que se atribuye a la planta viene del uso tradicional; revisa su ficha para ver qué dicen los estudios.",,floema,"Ficha de planta de El Floema (lib/plantas-data.ts); borrador por verificar con la biblioteca científica","Extractos botánicos","Evitar uso interno durante el embarazo por posible efecto emenagogo · Puede causar sensibilización en pieles muy sensibles — realizar prueba de parche · No usar en heridas profundas o punzantes sin supervisión médica · Interacción posible con anticoagulantes — consultar profesional · ATENCIÓN con la especie: en Chile ""matico"" suele ser Buddleja globosa (ver su fila aparte). Piper aduncum es el matico amazónico. Confirma cuál es la tuya antes de usar los estudios","hoja",false
"Myrceugenia Exsucca Leaf Extract","Pitra",,,,"{""Astringente"",""Antimicrobiano""}","","","Myrceugenia exsucca (Myrtaceae). Parte usada: hoja. Usos cosméticos tradicionales: Tónico astringente para pieles grasas y poros dilatados; Activo antioxidante en sérum anti-aging; Agua de corteza en preparaciones para pieles acneicas. Lo que se atribuye a la planta viene del uso tradicional; revisa su ficha para ver qué dicen los estudios.",,floema,"Ficha de planta de El Floema (lib/plantas-data.ts); borrador por verificar con la biblioteca científica","Extractos botánicos","No usar internamente por más de una semana continua por concentración de taninos · Puede interferir con la absorción de hierro y otros minerales · Evitar en estreñimiento crónico · Precaución en personas con úlcera gástrica activa","hoja",false
"Luma Apiculata Leaf Extract","Arrayán",,,,"{""Astringente"",""Antioxidante""}","","","Luma apiculata (Myrtaceae). Parte usada: hoja. Usos cosméticos tradicionales: Aceite esencial en formulaciones antisépticas y desodorantes; Extracto en jabones antibacterianos artesanales; Agua floral de hojas en tónicos para pieles mixtas. Lo que se atribuye a la planta viene del uso tradicional; revisa su ficha para ver qué dicen los estudios.",,floema,"Ficha de planta de El Floema (lib/plantas-data.ts); borrador por verificar con la biblioteca científica","Extractos botánicos","Evitar aceite esencial puro sobre piel sin diluir (puede causar irritación) · Precaución en niños menores de 6 años con aceites esenciales · No usar internamente en cantidades elevadas — puede irritar la mucosa renal","hoja",false
"Aristotelia Chilensis Fruit Extract","Maqui",,,,"{""Antioxidante"",""Colorante""}","","","Aristotelia chilensis (Elaeocarpaceae). Parte usada: fruto. Usos cosméticos tradicionales: Activo anti-aging en sérum por su acción sobre oxidación celular; Extracto en cremas fotoprotectoras naturales; Pigmento natural en cosmética color. Lo que se atribuye a la planta viene del uso tradicional; revisa su ficha para ver qué dicen los estudios.",,floema,"Ficha de planta de El Floema (lib/plantas-data.ts); borrador por verificar con la biblioteca científica","Extractos botánicos","Puede potenciar efecto de anticoagulantes — consultar médico · Efecto hipoglucemiante: precaución en diabéticos con medicación · Los pigmentos tiñen piel y superficies — tomar precauciones · Los pigmentos (antocianinas) cambian de color con el pH y pueden teñir","fruto",false
"Laureliopsis Philippiana Leaf Extract","Triwe",,,,"{""Astringente"",""Antimicrobiano""}","","","Laureliopsis philippiana (Atherospermataceae). Parte usada: hoja. Usos cosméticos tradicionales: Aceite esencial en aromaterapia de relajación; Extracto en cremas de masaje anticontractura; Activo sedante en formulaciones para pieles reactivas por estrés. Lo que se atribuye a la planta viene del uso tradicional; revisa su ficha para ver qué dicen los estudios.",,floema,"Ficha de planta de El Floema (lib/plantas-data.ts); borrador por verificar con la biblioteca científica","Extractos botánicos","No combinar con fármacos ansiolíticos o sedantes sin supervisión · Evitar durante el embarazo — posible efecto sobre útero · No usar antes de conducir o manejar maquinaria pesada · Uso prolongado puede generar tolerancia — ciclar el consumo · ATENCIÓN con la especie: en tus etiquetas el triwe figura como Laurelia sempervirens; esta ficha dice Laureliopsis philippiana (tepa). Confirma la especie con un botánico o con la guía de campo","hoja",false
"Fuchsia Magellanica Leaf Extract","Chilco",,,,"{""Astringente"",""Calmante""}","","","Fuchsia magellanica (Onagraceae). Parte usada: hoja y flor. Usos cosméticos tradicionales: Tónico astringente para pieles con poros dilatados; Activo en fórmulas post-depilación calmantes; Extracto en contorno de ojos por su acción sobre microcirculación. Lo que se atribuye a la planta viene del uso tradicional; revisa su ficha para ver qué dicen los estudios.",,floema,"Ficha de planta de El Floema (lib/plantas-data.ts); borrador por verificar con la biblioteca científica","Extractos botánicos","Uso interno prolongado puede causar estreñimiento por exceso de taninos · Evitar en personas con tendencia a estreñimiento crónico · Posible interferencia con absorción de fármacos — tomar con 2 h de diferencia","hoja y flor",false
"Achillea Millefolium Extract","Milenrama",,,,"{""Astringente"",""Cicatrizante"",""Antiinflamatorio""}","","","Achillea millefolium (Asteraceae). Parte usada: sumidad florida. Usos cosméticos tradicionales: Activo antiinflamatorio en formulaciones para pieles sensibles; Extracto en cremas cicatrizantes post-acné; Tónico floral para pieles con rosácea o eritema facial. Lo que se atribuye a la planta viene del uso tradicional; revisa su ficha para ver qué dicen los estudios.",,floema,"Ficha de planta de El Floema (lib/plantas-data.ts); borrador por verificar con la biblioteca científica","Extractos botánicos","Contraindicada en embarazo por su acción emenagoga · Puede causar dermatitis de contacto en personas sensibles a Asteráceas · Evitar con anticoagulantes — efecto hemostático puede interaccionar · No usar flores silvestres sin identificación segura — posible confusión con plantas tóxicas","sumidad florida",false
"Peumus Boldus Leaf Extract","Boldo",,,,"{""Antioxidante"",""Astringente""}","","","Peumus boldus (Monimiaceae). Parte usada: hoja. Usos cosméticos tradicionales: Extracto antioxidante para pieles apagadas y grasas; Tónico purificante en formulaciones detox faciales; Agua aromática de hojas como astringente suave. Lo que se atribuye a la planta viene del uso tradicional; revisa su ficha para ver qué dicen los estudios.",,floema,"Ficha de planta de El Floema (lib/plantas-data.ts); borrador por verificar con la biblioteca científica","Extractos botánicos","Contraindicado en embarazo y lactancia (el ascaridol puede ser abortivo) · No usar con obstrucción total de las vías biliares · Evitar el uso prolongado o en dosis altas — riesgo de toxicidad por ascaridol · Precaución con anticoagulantes y en enfermedad hepática grave · Contiene alcaloides (boldina) y ascaridol en el aceite esencial: no usar el aceite esencial","hoja",false
"Haplopappus Baylahuen Extract","Bailahuén",,,,"{""Antiinflamatorio"",""Antimicrobiano""}","","","Haplopappus baylahuen (Asteraceae). Parte usada: hoja y flor. Usos cosméticos tradicionales: Extracto antioxidante y purificante para piel grasa; Tónico astringente por su contenido resinoso; Activo en formulaciones detox. Lo que se atribuye a la planta viene del uso tradicional; revisa su ficha para ver qué dicen los estudios.",,floema,"Ficha de planta de El Floema (lib/plantas-data.ts); borrador por verificar con la biblioteca científica","Extractos botánicos","Evitar en embarazo y lactancia · No usar con obstrucción de las vías biliares · Puede causar dermatitis de contacto en sensibles a Asteráceas · Uso en curas cortas, no prolongado","hoja y flor",false
"Drimys Winteri Bark Extract","Canelo · Foye",,,,"{""Antimicrobiano"",""Astringente"",""Antiinflamatorio""}","","","Drimys winteri (Winteraceae). Parte usada: corteza y hoja. Usos cosméticos tradicionales: Activo cicatrizante y antioxidante (vitamina C natural); Extracto antimicrobiano para pieles con tendencia acneica; Tónico de corteza para pieles agredidas. Lo que se atribuye a la planta viene del uso tradicional; revisa su ficha para ver qué dicen los estudios.",,floema,"Ficha de planta de El Floema (lib/plantas-data.ts); borrador por verificar con la biblioteca científica","Extractos botánicos","Evitar el uso interno en embarazo y lactancia · En dosis altas la corteza puede ser irritante del tracto digestivo · Realizar prueba de parche antes del uso tópico extendido · Respetar su carácter de planta sagrada — usar con atribución cultural","corteza y hoja",false
"Plantago Major Leaf Extract","Llantén",,,,"{""Calmante"",""Cicatrizante"",""Astringente""}","","","Plantago major (Plantaginaceae). Parte usada: hoja. Usos cosméticos tradicionales: Activo cicatrizante y calmante (alantoína natural); Extracto para pieles sensibles, reactivas o irritadas; Tónico astringente suave para pieles mixtas. Lo que se atribuye a la planta viene del uso tradicional; revisa su ficha para ver qué dicen los estudios.",,floema,"Ficha de planta de El Floema (lib/plantas-data.ts); borrador por verificar con la biblioteca científica","Extractos botánicos","Muy bien tolerado; raras reacciones alérgicas · Recolectar lejos de caminos y zonas contaminadas (acumula metales) · Moderar el uso interno prolongado por su contenido de taninos · Prueba de parche antes del uso tópico extendido en piel muy reactiva","hoja",false
"Chenopodium Ambrosioides Extract","Paico",,,,"{""Antimicrobiano""}","","","Dysphania ambrosioides (Amaranthaceae). Parte usada: hoja y sumidad. Usos cosméticos tradicionales: Uso cosmético muy limitado por la toxicidad del aceite esencial; Eventual extracto antimicrobiano a muy baja concentración. Lo que se atribuye a la planta viene del uso tradicional; revisa su ficha para ver qué dicen los estudios.",,floema,"Ficha de planta de El Floema (lib/plantas-data.ts); borrador por verificar con la biblioteca científica","Extractos botánicos","Contraindicado en embarazo y lactancia (abortivo) · No usar en niños pequeños · Tóxico en dosis altas o uso prolongado (ascaridol neuro y hepatotóxico) · Nunca usar el aceite esencial puro por vía interna · Contiene ascaridol, tóxico: no usar aceite esencial ni uso interno. En cosmética, solo extractos externos y con prudencia","hoja y sumidad",false
"Rosa Rubiginosa Fruit Extract","Rosa Mosqueta",,,,"{""Antioxidante"",""Regenerador""}","","","Rosa rubiginosa (Rosaceae). Parte usada: escaramujo (fruto). Usos cosméticos tradicionales: Aceite antiedad para piel madura — estimula el colágeno; Atenúa estrías, cicatrices y manchas; Activo reparador en sérums y aceites faciales. Lo que se atribuye a la planta viene del uso tradicional; revisa su ficha para ver qué dicen los estudios.",,floema,"Ficha de planta de El Floema (lib/plantas-data.ts); borrador por verificar con la biblioteca científica","Extractos botánicos","El aceite se oxida (enrancia) con facilidad — conservar en frío y oscuridad · En pieles muy grasas o acneicas puede resultar comedogénico en exceso · Realizar prueba de parche en pieles reactivas · No exponer el aceite a calor alto (degrada el retinoico y los omega) · El aceite de la semilla está en la categoría Aceites vegetales","escaramujo (fruto)",false
"Chamomilla Recutita Flower Extract","Manzanilla",,,,"{""Calmante"",""Antiinflamatorio""}","","","Matricaria chamomilla (Asteraceae). Parte usada: flor. Usos cosméticos tradicionales: Activo calmante para pieles sensibles, reactivas y con rojeces; Agua floral (hidrolato) como tónico suave y descongestivo; Extracto para contorno de ojos y pieles delicadas. Lo que se atribuye a la planta viene del uso tradicional; revisa su ficha para ver qué dicen los estudios.",,floema,"Ficha de planta de El Floema (lib/plantas-data.ts); borrador por verificar con la biblioteca científica","Extractos botánicos","Posible alergia en personas sensibles a las Asteráceas (margaritas) · En dosis muy altas puede ser emética · Precaución con anticoagulantes (contenido de cumarinas) · Prueba de parche antes del uso tópico en piel muy reactiva","flor",false
"Equisetum Arvense Extract","Cola de Caballo",,,,"{""Astringente"",""Fortalecedor capilar""}","","","Equisetum arvense (Equisetaceae). Parte usada: tallo estéril. Usos cosméticos tradicionales: Reafirmante y antiedad — estimula el colágeno y la elastina; Fortalecedor de cabello y uñas (silicio); Astringente para pieles grasas y poros dilatados. Lo que se atribuye a la planta viene del uso tradicional; revisa su ficha para ver qué dicen los estudios.",,floema,"Ficha de planta de El Floema (lib/plantas-data.ts); borrador por verificar con la biblioteca científica","Extractos botánicos","No usar en edemas por insuficiencia cardíaca o renal grave · El uso prolongado puede reducir la tiamina (vitamina B1) — hacer curas cortas · Evitar en embarazo y lactancia · Identificar bien la especie: no confundir con Equisetum palustre (tóxico)","tallo estéril",false
"Melissa Officinalis Leaf Extract","Toronjil · Melisa",,,,"{""Calmante"",""Antimicrobiano""}","","","Melissa officinalis (Lamiaceae). Parte usada: hoja. Usos cosméticos tradicionales: Activo antioxidante y calmante para pieles reactivas; Agua floral (hidrolato) como tónico refrescante; Extracto antiviral en bálsamos labiales. Lo que se atribuye a la planta viene del uso tradicional; revisa su ficha para ver qué dicen los estudios.",,floema,"Ficha de planta de El Floema (lib/plantas-data.ts); borrador por verificar con la biblioteca científica","Extractos botánicos","En dosis altas puede afectar la función tiroidea — precaución en hipotiroidismo · Puede potenciar sedantes y ansiolíticos · Evitar dosis altas en embarazo · Somnolencia: precaución al conducir tras dosis altas","hoja",false
"Mentha Piperita Leaf Extract","Menta",,,,"{""Refrescante"",""Antipruriginoso""}","","","Mentha × piperita (Lamiaceae). Parte usada: hoja. Usos cosméticos tradicionales: Activo refrescante en cremas de piernas cansadas y pies; Tónico purificante para pieles grasas; Aroma y frescor en pasta dental y bálsamos labiales. Lo que se atribuye a la planta viene del uso tradicional; revisa su ficha para ver qué dicen los estudios.",,floema,"Ficha de planta de El Floema (lib/plantas-data.ts); borrador por verificar con la biblioteca científica","Extractos botánicos","No aplicar mentol ni aceite esencial en la cara de bebés y niños pequeños (riesgo de espasmo laríngeo) · Puede agravar el reflujo gastroesofágico (relaja el esfínter esofágico) · Evitar el aceite esencial puro sobre la piel sin diluir · Precaución en cálculos biliares y hernia de hiato","hoja",false
"Rosmarinus Officinalis Leaf Extract","Romero",,,,"{""Antioxidante"",""Estimulante""}","","","Salvia rosmarinus (Lamiaceae). Parte usada: hoja. Usos cosméticos tradicionales: Tónico capilar anticaída — estimula el folículo y el riego del cuero cabelludo; Antioxidante antiedad en sérums y cremas; Astringente y purificante para pieles grasas. Lo que se atribuye a la planta viene del uso tradicional; revisa su ficha para ver qué dicen los estudios.",,floema,"Ficha de planta de El Floema (lib/plantas-data.ts); borrador por verificar con la biblioteca científica","Extractos botánicos","Evitar dosis altas en embarazo (emenagogo) · Precaución en epilepsia por el alcanfor del aceite esencial · Dosis altas pueden elevar la presión arterial · No aplicar el aceite esencial puro sobre la piel","hoja",false
"Thymus Vulgaris Extract","Tomillo",,,,"{""Antimicrobiano"",""Antioxidante""}","","","Thymus vulgaris (Lamiaceae). Parte usada: hoja y flor. Usos cosméticos tradicionales: Antimicrobiano en formulaciones para piel acneica; Tónico purificante del cuero cabelludo (caspa); Conservante natural suave por su poder antimicrobiano. Lo que se atribuye a la planta viene del uso tradicional; revisa su ficha para ver qué dicen los estudios.",,floema,"Ficha de planta de El Floema (lib/plantas-data.ts); borrador por verificar con la biblioteca científica","Extractos botánicos","El aceite esencial es dermocáustico (timol/carvacrol) — máximo 0.5–1%, nunca puro · Evitar dosis altas en embarazo y lactancia · Precaución en hipertensión (dosis altas del AE) · No usar el aceite esencial en niños pequeños","hoja y flor",false
"Origanum Vulgare Leaf Extract","Orégano",,,,"{""Antimicrobiano"",""Antioxidante""}","","","Origanum vulgare (Lamiaceae). Parte usada: hoja. Usos cosméticos tradicionales: Antimicrobiano potente en formulaciones antiacné (muy diluido); Antifúngico en preparaciones para pie de atleta; Conservante natural por su poder antimicrobiano. Lo que se atribuye a la planta viene del uso tradicional; revisa su ficha para ver qué dicen los estudios.",,floema,"Ficha de planta de El Floema (lib/plantas-data.ts); borrador por verificar con la biblioteca científica","Extractos botánicos","El aceite esencial es dermocáustico — nunca puro, máximo 0.5% · Evitar en embarazo (emenagogo en dosis altas) · Puede irritar mucosas en dosis altas · Precaución con anticoagulantes","hoja",false
"Urtica Dioica Leaf Extract","Ortiga",,,,"{""Astringente"",""Seborregulador"",""Fortalecedor capilar""}","","","Urtica dioica (Urticaceae). Parte usada: hoja. Usos cosméticos tradicionales: Tónico capilar anticaída y contra la caspa — clásico del pelo fuerte; Seborregulador del cuero cabelludo y de pieles grasas; Remineralizante y astringente en tónicos faciales. Lo que se atribuye a la planta viene del uso tradicional; revisa su ficha para ver qué dicen los estudios.",,floema,"Ficha de planta de El Floema (lib/plantas-data.ts); borrador por verificar con la biblioteca científica","Extractos botánicos","Manipular fresca con guantes (pelos urticantes) · Diurético: precaución con edemas por insuficiencia cardíaca o renal grave · Puede potenciar hipotensores y antidiabéticos · Evitar dosis altas en embarazo","hoja",false
"Taraxacum Officinale Extract","Diente de León",,,,"{""Antioxidante"",""Calmante""}","","","Taraxacum officinale (Asteraceae). Parte usada: hoja y raíz. Usos cosméticos tradicionales: Extracto depurativo y antioxidante para pieles congestionadas; Activo detox en formulaciones faciales; Tónico para pieles apagadas. Lo que se atribuye a la planta viene del uso tradicional; revisa su ficha para ver qué dicen los estudios.",,floema,"Ficha de planta de El Floema (lib/plantas-data.ts); borrador por verificar con la biblioteca científica","Extractos botánicos","No usar con obstrucción de las vías biliares · Precaución en cálculos biliares (efecto colagogo) · Posible alergia en sensibles a las Asteráceas · Puede potenciar diuréticos y antidiabéticos","hoja y raíz",false
"Calendula Officinalis Flower Extract","Caléndula",,,,"{""Calmante"",""Antiinflamatorio"",""Cicatrizante""}","","","Calendula officinalis (Asteraceae). Parte usada: flor. Usos cosméticos tradicionales: Oleato y bálsamo reparador para pieles sensibles y atópicas; Activo calmante en cremas para bebé y pieles reactivas; Agua floral (hidrolato) como tónico suave. Lo que se atribuye a la planta viene del uso tradicional; revisa su ficha para ver qué dicen los estudios.",,floema,"Ficha de planta de El Floema (lib/plantas-data.ts); borrador por verificar con la biblioteca científica","Extractos botánicos","Posible alergia en sensibles a las Asteráceas (margaritas) · Evitar el uso interno en embarazo (emenagogo en dosis altas) · Prueba de parche antes del uso tópico extendido en piel muy reactiva · Uso interno con moderación; su fuerte es el uso tópico · Probar en el antebrazo antes de usar si eres sensible a las asteráceas","flor",false
"Hypericum Perforatum Extract","Hipérico · Hierba de San Juan",,,,"{""Calmante"",""Antiinflamatorio""}","","","Hypericum perforatum (Hypericaceae). Parte usada: sumidad florida. Usos cosméticos tradicionales: Oleato rojo reparador para pieles agredidas; Activo antiinflamatorio y calmante en bálsamos; Cuidado post-solar (solo de noche, por la fotosensibilidad). Lo que se atribuye a la planta viene del uso tradicional; revisa su ficha para ver qué dicen los estudios.",,floema,"Ficha de planta de El Floema (lib/plantas-data.ts); borrador por verificar con la biblioteca científica","Extractos botánicos","FUERTE fotosensibilizante — no exponer la piel tratada al sol · Numerosas interacciones: anula anticonceptivos orales; con antidepresivos ISRS puede dar síndrome serotoninérgico; afecta anticoagulantes, inmunosupresores y antirretrovirales · No combinar con ningún medicamento sin consultar (induce el CYP3A4) · Evitar en embarazo y lactancia · Fotosensibilizante: evita el sol tras aplicarlo. Interactúa con medicamentos si se usa por vía interna","sumidad florida",false
"Salix Alba Bark Extract","Sauce Blanco",,,,"{""Astringente"",""Queratolítico""}","","","Salix alba (Salicaceae). Parte usada: corteza. Usos cosméticos tradicionales: Exfoliante BHA natural (salicina) para piel grasa y acneica; Astringente y seborregulador; Activo suave para destapar poros. Lo que se atribuye a la planta viene del uso tradicional; revisa su ficha para ver qué dicen los estudios.",,floema,"Ficha de planta de El Floema (lib/plantas-data.ts); borrador por verificar con la biblioteca científica","Extractos botánicos","Contraindicado en alergia a la aspirina y los salicilatos · No dar a niños con fiebre viral (riesgo de síndrome de Reye) · Evitar en embarazo, lactancia y úlcera gástrica · Precaución con anticoagulantes · Contiene salicina (precursor de salicilatos): evitar si hay alergia a la aspirina o a los salicilatos","corteza",false
"Sambucus Nigra Flower Extract","Saúco",,,,"{""Astringente"",""Calmante""}","","","Sambucus nigra (Adoxaceae). Parte usada: flor. Usos cosméticos tradicionales: Agua de flores de saúco como tónico suavizante y aclarante; Activo antioxidante (bayas) en cosmética antiedad; Calmante para pieles sensibles. Lo que se atribuye a la planta viene del uso tradicional; revisa su ficha para ver qué dicen los estudios.",,floema,"Ficha de planta de El Floema (lib/plantas-data.ts); borrador por verificar con la biblioteca científica","Extractos botánicos","Tallos, hojas y bayas crudas son tóxicos (glucósidos cianogénicos) — cocer siempre las bayas · Usar solo la flor y la baya madura y cocida · Precaución con diuréticos y en embarazo · No confundir con especies de Sambucus de bayas rojas (más tóxicas)","flor",false
"Valeriana Officinalis Root Extract","Valeriana",,,,"{""Calmante""}","","","Valeriana officinalis (Caprifoliaceae). Parte usada: raíz. Usos cosméticos tradicionales: Uso cosmético limitado por su aroma intenso; Aromaterapia de relajación en brumas de ambiente. Lo que se atribuye a la planta viene del uso tradicional; revisa su ficha para ver qué dicen los estudios.",,floema,"Ficha de planta de El Floema (lib/plantas-data.ts); borrador por verificar con la biblioteca científica","Extractos botánicos","Produce somnolencia — no conducir ni operar maquinaria tras tomarla · Potencia el alcohol, los sedantes y los ansiolíticos · Evitar en embarazo y lactancia · Uso prolongado puede generar tolerancia — ciclar el consumo · Olor fuerte y desagradable","raíz",false
"Lavandula Angustifolia Flower Extract","Lavanda",,,,"{""Calmante"",""Antimicrobiano""}","","","Lavandula angustifolia (Lamiaceae). Parte usada: flor. Usos cosméticos tradicionales: Calmante y regenerante para pieles sensibles y con acné; Agua floral (hidrolato) como tónico equilibrante; Activo aromaterapéutico en cremas y brumas relajantes. Lo que se atribuye a la planta viene del uso tradicional; revisa su ficha para ver qué dicen los estudios.",,floema,"Ficha de planta de El Floema (lib/plantas-data.ts); borrador por verificar con la biblioteca científica","Extractos botánicos","Dosis altas por vía interna pueden causar somnolencia · Precaución con el aceite esencial en el primer trimestre del embarazo · Realizar prueba de parche en pieles muy reactivas · El aceite esencial de lavandín (híbrido) es más alcanforado — no confundir","flor",false
"Aloe Barbadensis Leaf Juice","Aloe Vera",,,,"{""Humectante"",""Calmante"",""Cicatrizante""}","","","Aloe barbadensis (Asphodelaceae). Parte usada: hoja (gel). Usos cosméticos tradicionales: Gel base hidratante y calmante para todo tipo de piel; After-sun y mascarillas refrescantes; Vehículo acuoso ligero para otros activos. Lo que se atribuye a la planta viene del uso tradicional; revisa su ficha para ver qué dicen los estudios.",,floema,"Ficha de planta de El Floema (lib/plantas-data.ts); borrador por verificar con la biblioteca científica","Extractos botánicos","El látex/acíbar (laxante) está contraindicado en embarazo, lactancia y niños · No usar el látex de forma prolongada — irrita el intestino · El gel fresco se contamina en días: refrigerar y conservar · Lavar bien el gel para eliminar restos de látex amarillo · El látex amarillo de la corteza es irritante: usar solo el gel interior","hoja (gel)",false
"Hamamelis Virginiana Leaf Extract","Hamamelis",,,,"{""Astringente"",""Tonificante""}","","","Hamamelis virginiana (Hamamelidaceae). Parte usada: hoja y corteza. Usos cosméticos tradicionales: Tónico astringente para pieles grasas y poros dilatados; Descongestivo del contorno de ojos (bolsas); After-shave calmante y astringente. Lo que se atribuye a la planta viene del uso tradicional; revisa su ficha para ver qué dicen los estudios.",,floema,"Ficha de planta de El Floema (lib/plantas-data.ts); borrador por verificar con la biblioteca científica","Extractos botánicos","Uso interno prolongado no recomendado por su alta concentración de taninos · Puede resecar en exceso las pieles muy secas · Los preparados con alcohol pueden irritar pieles sensibles · Prueba de parche antes del uso extendido · Los comerciales traen alcohol: puede resecar","hoja y corteza",false
"Arnica Montana Flower Extract","Árnica",,,,"{""Antiinflamatorio""}","","","Arnica montana (Asteraceae). Parte usada: flor. Usos cosméticos tradicionales: Oleato o gel para golpes y piernas cansadas; Activo descongestivo en preparaciones de masaje; No usar en pieles con acné activo o heridas. Lo que se atribuye a la planta viene del uso tradicional; revisa su ficha para ver qué dicen los estudios.",,floema,"Ficha de planta de El Floema (lib/plantas-data.ts); borrador por verificar con la biblioteca científica","Extractos botánicos","SOLO uso externo sobre piel sana — tóxico por vía interna · No aplicar sobre heridas abiertas, mucosas ni piel dañada · Puede causar dermatitis; alergia frecuente en sensibles a Asteráceas · No usar en embarazo ni de forma prolongada · Solo sobre piel íntegra. Puede sensibilizar; evitar en heridas abiertas","flor",false
"Foeniculum Vulgare Fruit Extract","Hinojo",,,,"{""Calmante"",""Descongestionante""}","","","Foeniculum vulgare (Apiaceae). Parte usada: fruto (semilla). Usos cosméticos tradicionales: Tónico descongestivo del contorno de ojos; Agua aromática digestiva y refrescante; Activo en formulaciones reafirmantes. Lo que se atribuye a la planta viene del uso tradicional; revisa su ficha para ver qué dicen los estudios.",,floema,"Ficha de planta de El Floema (lib/plantas-data.ts); borrador por verificar con la biblioteca científica","Extractos botánicos","El anetol es fitoestrógeno — precaución en cáncer hormonodependiente y endometriosis · El aceite esencial no debe usarse en embarazo, epilepsia ni en niños pequeños · Usar en dosis culinarias-terapéuticas moderadas · Posible alergia en sensibles a las Apiáceas","fruto (semilla)",false
"Pimpinella Anisum Fruit Extract","Anís",,,,"{""Antimicrobiano""}","","","Pimpinella anisum (Apiaceae). Parte usada: fruto (semilla). Usos cosméticos tradicionales: Aromatizante natural de bálsamos labiales y pastas dentales; Agua aromática digestiva. Lo que se atribuye a la planta viene del uso tradicional; revisa su ficha para ver qué dicen los estudios.",,floema,"Ficha de planta de El Floema (lib/plantas-data.ts); borrador por verificar con la biblioteca científica","Extractos botánicos","El anetol es fitoestrógeno — precaución en tumores hormonodependientes · El aceite esencial no se usa en embarazo ni en niños pequeños · Posible alergia en sensibles a las Apiáceas · No confundir con el anís estrellado japonés (tóxico)","fruto (semilla)",false
"Silybum Marianum Seed Extract","Cardo Mariano",,,,"{""Antioxidante""}","","","Silybum marianum (Asteraceae). Parte usada: semilla (fruto). Usos cosméticos tradicionales: El aceite de sus semillas es antioxidante y regenerante para la piel; Activo protector frente al estrés oxidativo cutáneo. Lo que se atribuye a la planta viene del uso tradicional; revisa su ficha para ver qué dicen los estudios.",,floema,"Ficha de planta de El Floema (lib/plantas-data.ts); borrador por verificar con la biblioteca científica","Extractos botánicos","Posible alergia en sensibles a las Asteráceas · Puede alterar el metabolismo de algunos fármacos (consultar) · Evitar con obstrucción de las vías biliares · Efecto laxante leve en dosis altas","semilla (fruto)",false
"Echinacea Purpurea Extract","Equinácea",,,,"{""Calmante"",""Antimicrobiano""}","","","Echinacea purpurea (Asteraceae). Parte usada: hierba y raíz. Usos cosméticos tradicionales: Activo cicatrizante y regenerante para pieles dañadas; Antiinflamatorio para pieles sensibles; Extracto reparador en cremas antiedad. Lo que se atribuye a la planta viene del uso tradicional; revisa su ficha para ver qué dicen los estudios.",,floema,"Ficha de planta de El Floema (lib/plantas-data.ts); borrador por verificar con la biblioteca científica","Extractos botánicos","Contraindicada en enfermedades autoinmunes (estimula el sistema inmune) · Usar en ciclos cortos, no de forma continua prolongada · Posible alergia en sensibles a las Asteráceas · Precaución con inmunosupresores","hierba y raíz",false
"Zingiber Officinale Root Extract","Jengibre",,,,"{""Estimulante"",""Antioxidante""}","","","Zingiber officinale (Zingiberaceae). Parte usada: rizoma. Usos cosméticos tradicionales: Estimulante de la circulación del cuero cabelludo (anticaída); Antioxidante en cosmética antiedad; Activo calorífico en preparaciones de masaje. Lo que se atribuye a la planta viene del uso tradicional; revisa su ficha para ver qué dicen los estudios.",,floema,"Ficha de planta de El Floema (lib/plantas-data.ts); borrador por verificar con la biblioteca científica","Extractos botánicos","Precaución en cálculos biliares (colagogo) · Efecto antiagregante — cuidado con anticoagulantes y antes de cirugías · Dosis altas pueden agravar el reflujo y la úlcera · Moderar en embarazo (dosis culinarias son seguras)","rizoma",false
"Curcuma Longa Root Extract","Cúrcuma",,,,"{""Antioxidante"",""Colorante""}","","","Curcuma longa (Zingiberaceae). Parte usada: rizoma. Usos cosméticos tradicionales: Antiinflamatoria y antioxidante en mascarillas faciales; Iluminadora y unificadora del tono (mascarillas); Activo antiacné por su acción antibacteriana. Lo que se atribuye a la planta viene del uso tradicional; revisa su ficha para ver qué dicen los estudios.",,floema,"Ficha de planta de El Floema (lib/plantas-data.ts); borrador por verificar con la biblioteca científica","Extractos botánicos","Precaución en cálculos y obstrucción de las vías biliares (colagoga) · Efecto antiagregante — cuidado con anticoagulantes y antes de cirugías · Puede teñir la piel, uñas y ropa de amarillo · Moderar dosis altas en embarazo · Mancha piel, telas y lavamanos","rizoma",false
"Quillaja Saponaria Bark Extract","Quillay",,,,"{""Espumante"",""Tensioactivo limpiador""}","","","Quillaja saponaria (Quillajaceae). Parte usada: corteza. Usos cosméticos tradicionales: Champú y limpiador facial natural, sin sulfatos (saponinas); Tensioactivo suave para syndets y jabones líquidos artesanales; Control de la caspa y el exceso de grasa del cuero cabelludo. Lo que se atribuye a la planta viene del uso tradicional; revisa su ficha para ver qué dicen los estudios.",,floema,"Ficha de planta de El Floema (lib/plantas-data.ts); borrador por verificar con la biblioteca científica","Extractos botánicos","Las saponinas irritan los ojos y las mucosas — evitar el contacto · No usar por vía interna en dosis altas (las saponinas son hemolíticas) · El polvo de corteza irrita las vías respiratorias — usar mascarilla al manipularlo · No aplicar en heridas profundas ni piel muy dañada · Irrita los ojos y mucosas","corteza",false
"Fabiana Imbricata Extract","Pichi-romero",,,,"{""Antimicrobiano""}","","","Fabiana imbricata (Solanaceae). Parte usada: ramas y hojas. Usos cosméticos tradicionales: Extracto depurativo para pieles congestionadas (uso limitado). Lo que se atribuye a la planta viene del uso tradicional; revisa su ficha para ver qué dicen los estudios.",,floema,"Ficha de planta de El Floema (lib/plantas-data.ts); borrador por verificar con la biblioteca científica","Extractos botánicos","Es una solanácea — no usar en dosis altas ni de forma prolongada · Evitar en embarazo y lactancia · No usar en insuficiencia renal grave · Respetar las dosis: en exceso puede ser irritante","ramas y hojas",false
"Quinchamalium Chilense Extract","Quinchamalí",,,,"{""Astringente""}","","","Quinchamalium chilense (Schoepfiaceae). Parte usada: planta entera. Usos cosméticos tradicionales: Activo para pieles con capilares marcados y varículas; Descongestivo en preparaciones para piernas cansadas; Oleato para masaje descongestivo. Lo que se atribuye a la planta viene del uso tradicional; revisa su ficha para ver qué dicen los estudios.",,floema,"Ficha de planta de El Floema (lib/plantas-data.ts); borrador por verificar con la biblioteca científica","Extractos botánicos","Uso principalmente tradicional — poca evidencia clínica · Precaución en embarazo y lactancia · Realizar prueba de parche antes del uso tópico extendido · Recolección responsable: es una especie nativa presionada","planta entera",false
"Centaurium Cachanlahuen Extract","Canchalagua · Cachanlagua",,,,"{""Tonificante""}","","","Centaurium cachanlahuen (Gentianaceae). Parte usada: sumidad florida. Usos cosméticos tradicionales: Extracto depurativo para pieles con acné y granos; Tónico purificante para pieles grasas. Lo que se atribuye a la planta viene del uso tradicional; revisa su ficha para ver qué dicen los estudios.",,floema,"Ficha de planta de El Floema (lib/plantas-data.ts); borrador por verificar con la biblioteca científica","Extractos botánicos","Los amargos estimulan la secreción gástrica — evitar en úlcera gástrica activa · Evitar dosis altas en embarazo · Su sabor muy amargo puede provocar náuseas en personas sensibles · Usar en curas cortas, no de forma prolongada","sumidad florida",false
"Lomatia Hirsuta Leaf Extract","Radal",,,,"{""Astringente""}","","","Lomatia hirsuta (Proteaceae). Parte usada: hoja. Usos cosméticos tradicionales: Uso cosmético limitado; eventual extracto en preparaciones respiratorias de vapor. Lo que se atribuye a la planta viene del uso tradicional; revisa su ficha para ver qué dicen los estudios.",,floema,"Ficha de planta de El Floema (lib/plantas-data.ts); borrador por verificar con la biblioteca científica","Extractos botánicos","Uso principalmente tradicional — dosificar con prudencia · Evitar en embarazo y lactancia por precaución · No superar las dosis habituales · Recolección responsable de una especie nativa","hoja",false
"Eucryphia Cordifolia Extract","Ulmo",,,,"{""Astringente"",""Antimicrobiano""}","","","Eucryphia cordifolia (Cunoniaceae). Parte usada: corteza y hoja. Usos cosméticos tradicionales: Extracto astringente y cicatrizante de corteza; La miel de ulmo en mascarillas nutritivas y antibacterianas; Activo reparador para pieles agredidas. Lo que se atribuye a la planta viene del uso tradicional; revisa su ficha para ver qué dicen los estudios.",,floema,"Ficha de planta de El Floema (lib/plantas-data.ts); borrador por verificar con la biblioteca científica","Extractos botánicos","Uso interno prolongado no recomendado por su alto contenido de taninos · Realizar prueba de parche antes del uso tópico extendido · La miel no debe darse a menores de 1 año (riesgo de botulismo infantil) · Recolección responsable de la corteza para no dañar el árbol","corteza y hoja",false
"Maytenus Boaria Leaf Extract","Maitén",,,,"{""Calmante"",""Astringente""}","","","Maytenus boaria (Celastraceae). Parte usada: hoja. Usos cosméticos tradicionales: Enjuague capilar para el cuero cabelludo; Lavados y compresas para pieles irritadas; Extracto astringente suave. Lo que se atribuye a la planta viene del uso tradicional; revisa su ficha para ver qué dicen los estudios.",,floema,"Ficha de planta de El Floema (lib/plantas-data.ts); borrador por verificar con la biblioteca científica","Extractos botánicos","Uso principalmente tradicional — dosificar con prudencia · Evitar dosis altas en embarazo · En exceso puede tener efecto laxante · No confundir con otras especies del género","hoja",false
"Cryptocarya Alba Leaf Extract","Peumo",,,,"{""Astringente""}","","","Cryptocarya alba (Lauraceae). Parte usada: hoja. Usos cosméticos tradicionales: Baños y lavados astringentes para la piel; Extracto tónico para pieles grasas. Lo que se atribuye a la planta viene del uso tradicional; revisa su ficha para ver qué dicen los estudios.",,floema,"Ficha de planta de El Floema (lib/plantas-data.ts); borrador por verificar con la biblioteca científica","Extractos botánicos","Uso principalmente tradicional — dosificar con prudencia · Evitar en embarazo y lactancia por precaución · Los frutos se consumen solo cocidos · No superar las dosis habituales","hoja",false
"Otholobium Glandulosum Leaf Extract","Culén",,,,"{""Antimicrobiano""}","","","Otholobium glandulosum (Fabaceae). Parte usada: hoja. Usos cosméticos tradicionales: Extracto cicatrizante y antiséptico; Uso externo en preparaciones para la piel. Lo que se atribuye a la planta viene del uso tradicional; revisa su ficha para ver qué dicen los estudios.",,floema,"Ficha de planta de El Floema (lib/plantas-data.ts); borrador por verificar con la biblioteca científica","Extractos botánicos","Contiene furanocumarinas fotosensibilizantes — no exponer al sol la piel tratada · Evitar dosis altas en embarazo · Uso en dosis moderadas · Uso principalmente tradicional · Pertenece a un grupo (Psoralea s.l.) con especies fotosensibilizantes por psoralenos; no está verificado en esta especie. Prueba de parche y evita el sol","hoja",false
"Gunnera Tinctoria Leaf Extract","Nalca · Pangue",,,,"{""Astringente"",""Antiinflamatorio""}","","","Gunnera tinctoria (Gunneraceae). Parte usada: hoja. Usos cosméticos tradicionales: Astringente y tensor para pieles grasas y poros dilatados; Tónico facial por su contenido de taninos; Activo en formulaciones purificantes. Lo que se atribuye a la planta viene del uso tradicional; revisa su ficha para ver qué dicen los estudios.",,floema,"Ficha de planta de El Floema (lib/plantas-data.ts); borrador por verificar con la biblioteca científica","Extractos botánicos","Uso interno prolongado no recomendado por su alto contenido de taninos · Identificar bien la planta antes de recolectar · Los taninos pueden interferir con la absorción de hierro · Prueba de parche antes del uso tópico extendido","hoja",false
"Allium Sativum Bulb Extract","Ajo",,,,"{""Antimicrobiano""}","","","Allium sativum (Amaryllidaceae). Parte usada: bulbo. Usos cosméticos tradicionales: Antifúngico en preparaciones para uñas (muy diluido); Tónico capilar estimulante (con precaución por el olor y la irritación); Antibacteriano puntual en acné (nunca puro). Lo que se atribuye a la planta viene del uso tradicional; revisa su ficha para ver qué dicen los estudios.",,floema,"Ficha de planta de El Floema (lib/plantas-data.ts); borrador por verificar con la biblioteca científica","Extractos botánicos","Efecto antiagregante — cuidado con anticoagulantes y antes de cirugías · Irrita la mucosa gástrica: precaución en gastritis y reflujo · El ajo crudo sobre la piel puede causar quemaduras — nunca puro · Puede alterar el sabor de la leche materna en la lactancia · Irritante sobre la piel; olor persistente","bulbo",false
"Allium Cepa Bulb Extract","Cebolla",,,,"{""Antimicrobiano""}","","","Allium cepa (Amaryllidaceae). Parte usada: bulbo. Usos cosméticos tradicionales: Extracto para atenuar cicatrices y queloides; Tónico capilar anticaída (estimula el folículo); Activo antioxidante (quercetina). Lo que se atribuye a la planta viene del uso tradicional; revisa su ficha para ver qué dicen los estudios.",,floema,"Ficha de planta de El Floema (lib/plantas-data.ts); borrador por verificar con la biblioteca científica","Extractos botánicos","Irrita la mucosa gástrica: precaución en reflujo y gastritis · La cebolla fresca sobre la piel puede irritar — usar el extracto, no el bulbo crudo · Efecto antiagregante leve — cuidado con anticoagulantes · Puede producir gases y molestias digestivas en dosis altas · Puede irritar piel y ojos","bulbo",false
"Coriandrum Sativum Extract","Cilantro",,,,"{""Antioxidante""}","","","Coriandrum sativum (Apiaceae). Parte usada: hoja y fruto. Usos cosméticos tradicionales: Extracto detox y antioxidante para pieles congestionadas; Aromatizante fresco natural. Lo que se atribuye a la planta viene del uso tradicional; revisa su ficha para ver qué dicen los estudios.",,floema,"Ficha de planta de El Floema (lib/plantas-data.ts); borrador por verificar con la biblioteca científica","Extractos botánicos","Posible alergia en sensibles a las Apiáceas · El aceite esencial puede fotosensibilizar en dosis altas · Moderar en embarazo (dosis culinarias son seguras) · En algunas personas el sabor resulta jabonoso (genético)","hoja y fruto",false
"Cinnamomum Zeylanicum Bark Extract","Canela",,,,"{""Antimicrobiano"",""Estimulante""}","","","Cinnamomum verum (Lauraceae). Parte usada: corteza. Usos cosméticos tradicionales: Estimulante de la circulación (labios, cuero cabelludo) — muy diluido; Aromatizante cálido natural; Antimicrobiano en formulaciones (con mucha precaución). Lo que se atribuye a la planta viene del uso tradicional; revisa su ficha para ver qué dicen los estudios.",,floema,"Ficha de planta de El Floema (lib/plantas-data.ts); borrador por verificar con la biblioteca científica","Extractos botánicos","Preferir canela de Ceilán: la casia contiene mucha cumarina (tóxica para el hígado en exceso) · El aceite esencial es dermocáustico — nunca puro, máximo 0.05% en enjuague · Evitar dosis medicinales altas en embarazo · Precaución con hipoglucemiantes (potencia el efecto) y en úlcera · Contiene cinamaldehído, sensibilizante: dosis bajas y prueba de parche","corteza",false
"Piper Nigrum Fruit Extract","Pimienta Negra",,,,"{""Estimulante""}","","","Piper nigrum (Piperaceae). Parte usada: fruto. Usos cosméticos tradicionales: Potenciador de la penetración de activos en formulaciones; Estimulante circulatorio (muy diluido). Lo que se atribuye a la planta viene del uso tradicional; revisa su ficha para ver qué dicen los estudios.",,floema,"Ficha de planta de El Floema (lib/plantas-data.ts); borrador por verificar con la biblioteca científica","Extractos botánicos","Irrita la mucosa en dosis altas — precaución en úlcera y reflujo · La piperina altera el metabolismo de varios fármacos (consultar) · El aceite esencial es irritante — usar muy diluido · Moderar dosis medicinales en embarazo · Efecto rubefaciente: puede enrojecer y arder en piel sensible","fruto",false
"Camellia Sinensis Leaf Extract","Té Verde",,,,"{""Antioxidante"",""Astringente""}","","","Camellia sinensis (Theaceae). Parte usada: hoja. Usos cosméticos tradicionales: Antioxidante y antiedad en sérums y cremas; Seborregulador y antiacneico para pieles grasas; Descongestivo del contorno de ojos (compresas). Lo que se atribuye a la planta viene del uso tradicional; revisa su ficha para ver qué dicen los estudios.",,floema,"Ficha de planta de El Floema (lib/plantas-data.ts); borrador por verificar con la biblioteca científica","Extractos botánicos","Contiene cafeína — moderar en insomnio, ansiedad y embarazo · Los taninos reducen la absorción de hierro — separar de las comidas · Precaución con anticoagulantes (dosis muy altas) · En ayunas puede causar acidez en personas sensibles","hoja",false
"Ginkgo Biloba Leaf Extract","Ginkgo",,,,"{""Antioxidante""}","","","Ginkgo biloba (Ginkgoaceae). Parte usada: hoja. Usos cosméticos tradicionales: Activo microcirculatorio en cremas antiedad y contorno de ojos; Antioxidante protector; Estimulante del riego del cuero cabelludo. Lo que se atribuye a la planta viene del uso tradicional; revisa su ficha para ver qué dicen los estudios.",,floema,"Ficha de planta de El Floema (lib/plantas-data.ts); borrador por verificar con la biblioteca científica","Extractos botánicos","Efecto antiagregante — riesgo de hemorragia con anticoagulantes y antes de cirugías · Evitar en embarazo y lactancia · Precaución en epilepsia · La semilla y la pulpa cruda son tóxicas — solo se usa la hoja","hoja",false
"Panax Ginseng Root Extract","Ginseng",,,,"{""Antioxidante"",""Estimulante""}","","","Panax ginseng (Araliaceae). Parte usada: raíz. Usos cosméticos tradicionales: Revitalizante y antiedad (mejora la microcirculación de la piel); Tónico para pieles apagadas y fatigadas; Activo energizante en sérums. Lo que se atribuye a la planta viene del uso tradicional; revisa su ficha para ver qué dicen los estudios.",,floema,"Ficha de planta de El Floema (lib/plantas-data.ts); borrador por verificar con la biblioteca científica","Extractos botánicos","Evitar en hipertensión no controlada · Puede causar insomnio y nerviosismo — no tomar por la noche · Evitar en embarazo y lactancia · Precaución con anticoagulantes, hipoglucemiantes y otros estimulantes; usar en ciclos","raíz",false
"Withania Somnifera Root Extract","Ashwagandha",,,,"{""Antioxidante""}","","","Withania somnifera (Solanaceae). Parte usada: raíz. Usos cosméticos tradicionales: Antioxidante 'antiestrés' para la piel; Activo revitalizante en cosmética adaptógena. Lo que se atribuye a la planta viene del uso tradicional; revisa su ficha para ver qué dicen los estudios.",,floema,"Ficha de planta de El Floema (lib/plantas-data.ts); borrador por verificar con la biblioteca científica","Extractos botánicos","Es una solanácea; evitar en embarazo (puede ser abortiva en dosis altas) · Precaución en hipertiroidismo (puede estimular la tiroides) · Evitar en enfermedades autoinmunes sin supervisión · Puede potenciar sedantes y ansiolíticos · Solanácea: uso tópico con prueba de parche","raíz",false
"Glycyrrhiza Glabra Root Extract","Regaliz",,,,"{""Calmante"",""Aclarante"",""Antiinflamatorio""}","","","Glycyrrhiza glabra (Fabaceae). Parte usada: raíz. Usos cosméticos tradicionales: Despigmentante suave para manchas y unificar el tono; Antiinflamatorio y calmante para pieles sensibles y con rojeces; Activo para dermatitis y eccemas. Lo que se atribuye a la planta viene del uso tradicional; revisa su ficha para ver qué dicen los estudios.",,floema,"Ficha de planta de El Floema (lib/plantas-data.ts); borrador por verificar con la biblioteca científica","Extractos botánicos","La glicirricina SUBE la presión arterial y retiene sodio — contraindicado en hipertensión · No usar de forma prolongada (riesgo de bajar el potasio) · Evitar en embarazo, enfermedad renal y con corticoides o diuréticos · Para uso interno prolongado, preferir regaliz desglicirrizinado (DGL)","raíz",false
"Ocimum Basilicum Leaf Extract","Albahaca",,,,"{""Antimicrobiano"",""Antioxidante""}","","","Ocimum basilicum (Lamiaceae). Parte usada: hoja. Usos cosméticos tradicionales: Antibacteriano en formulaciones para piel acneica; Tónico purificante para piel grasa; Aroma fresco natural. Lo que se atribuye a la planta viene del uso tradicional; revisa su ficha para ver qué dicen los estudios.",,floema,"Ficha de planta de El Floema (lib/plantas-data.ts); borrador por verificar con la biblioteca científica","Extractos botánicos","El aceite esencial contiene estragol — evitar en dosis altas y en embarazo · No usar el aceite esencial puro sobre la piel · Moderar el uso medicinal en embarazo y lactancia · Posible sensibilización en pieles muy reactivas","hoja",false
"Salvia Officinalis Leaf Extract","Salvia",,,,"{""Astringente"",""Antimicrobiano""}","","","Salvia officinalis (Lamiaceae). Parte usada: hoja. Usos cosméticos tradicionales: Antisudoral en desodorantes naturales; Astringente y seborregulador para piel grasa; Tónico capilar (caspa y cabello graso; oscurece las canas). Lo que se atribuye a la planta viene del uso tradicional; revisa su ficha para ver qué dicen los estudios.",,floema,"Ficha de planta de El Floema (lib/plantas-data.ts); borrador por verificar con la biblioteca científica","Extractos botánicos","Contiene tuyona (neurotóxica en exceso): no usar en dosis altas ni de forma prolongada · Corta la producción de leche — evitar en lactancia (salvo al destetar) · Evitar en embarazo y en epilepsia · No usar el aceite esencial puro por vía interna · Contiene tuyona: no usar el aceite esencial en embarazo","hoja",false
"Ruta Graveolens Extract","Ruda",,,,"{""Antimicrobiano""}","","","Ruta graveolens (Rutaceae). Parte usada: hoja. Usos cosméticos tradicionales: Uso cosmético muy limitado por su toxicidad y fotosensibilidad. Lo que se atribuye a la planta viene del uso tradicional; revisa su ficha para ver qué dicen los estudios.",,floema,"Ficha de planta de El Floema (lib/plantas-data.ts); borrador por verificar con la biblioteca científica","Extractos botánicos","ABORTIVA — contraindicada de forma absoluta en el embarazo · Tóxica en dosis altas (daño hepático y renal) · Fotosensibilizante potente — provoca quemaduras y dermatitis con el sol · No usar por vía interna sin supervisión profesional · FOTOSENSIBILIZANTE (furocumarinas) y puede causar quemaduras con el sol. Uso cosmético no recomendado","hoja",false
"Malva Sylvestris Flower Extract","Malva",,,,"{""Calmante"",""Humectante""}","","","Malva sylvestris (Malvaceae). Parte usada: flor y hoja. Usos cosméticos tradicionales: Calmante para pieles sensibles, secas e irritadas; Mucílagos suavizantes en mascarillas; Tónico emoliente. Lo que se atribuye a la planta viene del uso tradicional; revisa su ficha para ver qué dicen los estudios.",,floema,"Ficha de planta de El Floema (lib/plantas-data.ts); borrador por verificar con la biblioteca científica","Extractos botánicos","Muy bien tolerada; contraindicaciones prácticamente nulas · Puede reducir la absorción de otros medicamentos — tomar por separado · Recolectar en zonas limpias, lejos de la contaminación · Prueba de parche antes del uso tópico en piel muy reactiva","flor y hoja",false
"Borago Officinalis Flower Extract","Borraja",,,,"{""Calmante""}","","","Borago officinalis (Boraginaceae). Parte usada: flor. Usos cosméticos tradicionales: Aceite de borraja para pieles secas, maduras y atópicas (GLA); Regenerador de la barrera cutánea; Activo antiedad y nutritivo. Lo que se atribuye a la planta viene del uso tradicional; revisa su ficha para ver qué dicen los estudios.",,floema,"Ficha de planta de El Floema (lib/plantas-data.ts); borrador por verificar con la biblioteca científica","Extractos botánicos","La PLANTA (hojas) contiene alcaloides pirrolizidínicos hepatotóxicos — no usar internamente de forma prolongada · El ACEITE de semillas está libre de esos alcaloides y es seguro · Evitar el uso interno de la hoja en embarazo, lactancia y enfermedad hepática · El aceite se oxida — conservar refrigerado · Las hojas contienen alcaloides pirrolizidínicos: no usar la planta entera de forma prolongada","flor",false
"Aloysia Citrodora Leaf Extract","Cedrón · Hierba Luisa",,,,"{""Calmante"",""Antioxidante""}","","","Aloysia citriodora (Verbenaceae). Parte usada: hoja. Usos cosméticos tradicionales: Agua aromática tónica y refrescante; Aroma cítrico natural en cosmética; Calmante para pieles reactivas. Lo que se atribuye a la planta viene del uso tradicional; revisa su ficha para ver qué dicen los estudios.",,floema,"Ficha de planta de El Floema (lib/plantas-data.ts); borrador por verificar con la biblioteca científica","Extractos botánicos","Bien tolerado; el aceite esencial (citral) puede fotosensibilizar en dosis altas · Moderar en embarazo · No usar el aceite esencial puro sobre la piel · Puede bajar levemente la presión en dosis altas","hoja",false
"Mentha Pulegium Extract","Poleo",,,,"{""Antimicrobiano""}","","","Mentha pulegium (Lamiaceae). Parte usada: hoja. Usos cosméticos tradicionales: Uso cosmético muy limitado por la toxicidad de su aceite esencial. Lo que se atribuye a la planta viene del uso tradicional; revisa su ficha para ver qué dicen los estudios.",,floema,"Ficha de planta de El Floema (lib/plantas-data.ts); borrador por verificar con la biblioteca científica","Extractos botánicos","El ACEITE ESENCIAL (pulegona) es hepatotóxico y abortivo — NUNCA usarlo · Contraindicado en embarazo, incluso en infusión · No usar en niños pequeños ni en enfermedad hepática · Solo infusión suave de la hoja, en dosis moderadas · Contiene pulegona (tóxica): no usar aceite esencial y evitar en embarazo","hoja",false
"Mentha Spicata Leaf Extract","Hierba Buena",,,,"{""Refrescante""}","","","Mentha spicata (Lamiaceae). Parte usada: hoja. Usos cosméticos tradicionales: Refrescante en enjuagues bucales y pastas dentales; Aroma fresco y suave; Tónico ligero para piel. Lo que se atribuye a la planta viene del uso tradicional; revisa su ficha para ver qué dicen los estudios.",,floema,"Ficha de planta de El Floema (lib/plantas-data.ts); borrador por verificar con la biblioteca científica","Extractos botánicos","Muy bien tolerada · En reflujo puede relajar el esfínter esofágico (menos que la piperita) · Moderar dosis muy altas en embarazo · No aplicar aceites de menta en la cara de bebés","hoja",false
"Tilia Platyphyllos Flower Extract","Tilo",,,,"{""Calmante"",""Humectante""}","","","Tilia platyphyllos (Malvaceae). Parte usada: flor. Usos cosméticos tradicionales: Agua de tilo calmante para pieles sensibles y con rojeces; Descongestivo del contorno de ojos (compresas); Tónico suavizante (mucílagos). Lo que se atribuye a la planta viene del uso tradicional; revisa su ficha para ver qué dicen los estudios.",,floema,"Ficha de planta de El Floema (lib/plantas-data.ts); borrador por verificar con la biblioteca científica","Extractos botánicos","Muy bien tolerada · Dosis muy altas y frecuentes se han asociado (raramente) a molestias cardíacas — moderar · Sin contraindicaciones relevantes en dosis normales · Recolectar flores en zonas limpias","flor",false
"Rosa Damascena Flower Extract","Rosa · Rosa de Damasco",,,,"{""Tonificante"",""Calmante""}","","","Rosa damascena (Rosaceae). Parte usada: flor. Usos cosméticos tradicionales: Agua de rosas: tónico equilibrante para todo tipo de piel; Calmante de rojeces y pieles sensibles o maduras; Antioxidante y antiedad (polifenoles). Lo que se atribuye a la planta viene del uso tradicional; revisa su ficha para ver qué dicen los estudios.",,floema,"Ficha de planta de El Floema (lib/plantas-data.ts); borrador por verificar con la biblioteca científica","Extractos botánicos","Muy bien tolerada · Diluir siempre el aceite esencial (es muy concentrado) · Posible alergia rara en personas sensibles · Usar pétalos libres de pesticidas (rosas de cultivo comestible)","flor",false
"Achyrocline Satureioides Flower Extract","Marcela",,,,"{""Calmante"",""Antioxidante""}","","","Achyrocline satureioides (Asteraceae). Parte usada: flor. Usos cosméticos tradicionales: Extracto antioxidante y antiinflamatorio para la piel; Activo calmante para pieles reactivas. Lo que se atribuye a la planta viene del uso tradicional; revisa su ficha para ver qué dicen los estudios.",,floema,"Ficha de planta de El Floema (lib/plantas-data.ts); borrador por verificar con la biblioteca científica","Extractos botánicos","Posible alergia en sensibles a las Asteráceas · Moderar el uso medicinal en embarazo · Usar en dosis moderadas · Recolectar en zonas limpias · Tu ficha de vira-vira repite esta misma especie (Achyrocline satureioides); el vira-vira chileno suele ser otra planta (Pseudognaphalium viravira). Verifica","flor",false
"Schinus Molle Fruit Extract","Molle · Pimiento",,,,"{""Antimicrobiano""}","","","Schinus molle (Anacardiaceae). Parte usada: fruto y hoja. Usos cosméticos tradicionales: Extracto astringente y antiséptico para piel grasa; Activo purificante. Lo que se atribuye a la planta viene del uso tradicional; revisa su ficha para ver qué dicen los estudios.",,floema,"Ficha de planta de El Floema (lib/plantas-data.ts); borrador por verificar con la biblioteca científica","Extractos botánicos","De la familia del litre y el mango: puede causar dermatitis en personas sensibles · Usar en dosis moderadas por vía interna · Evitar en embarazo · Prueba de parche antes del uso tópico extendido · Anacardiácea: puede dar alergia de contacto","fruto y hoja",false
"Cestrum Parqui Leaf Extract","Palqui",,,,"{""Antimicrobiano""}","","","Cestrum parqui (Solanaceae). Parte usada: hoja. Usos cosméticos tradicionales: Uso cosmético muy limitado por su toxicidad. Lo que se atribuye a la planta viene del uso tradicional; revisa su ficha para ver qué dicen los estudios.",,floema,"Ficha de planta de El Floema (lib/plantas-data.ts); borrador por verificar con la biblioteca científica","Extractos botánicos","TÓXICO por vía interna (solanácea) — jamás ingerir · Solo uso externo tradicional, con prudencia · Los frutos son tóxicos, especialmente para niños y animales · Evitar en embarazo y en pieles muy reactivas · TÓXICO. Solanácea con saponinas y alcaloides; no usar en infusiones ni en preparados caseros. Se incluye solo para que se reconozca y se evite","hoja",false
"Petroselinum Crispum Extract","Perejil",,,,"{""Antioxidante""}","","","Petroselinum crispum (Apiaceae). Parte usada: hoja y semilla. Usos cosméticos tradicionales: Aclarante suave de manchas (vitamina C); Tónico antioxidante y descongestivo para la piel; Extracto para el contorno de ojos. Lo que se atribuye a la planta viene del uso tradicional; revisa su ficha para ver qué dicen los estudios.",,floema,"Ficha de planta de El Floema (lib/plantas-data.ts); borrador por verificar con la biblioteca científica","Extractos botánicos","El apiol en dosis altas (y el aceite esencial) es abortivo y tóxico renal — no usar dosis medicinales altas en embarazo · Evitar dosis altas en enfermedad renal · Fotosensibilizante en dosis muy altas · El consumo culinario normal es seguro · Contiene furocumarinas: puede fotosensibilizar en uso concentrado","hoja y semilla",false
"Apium Graveolens Extract","Apio",,,,"{""Calmante""}","","","Apium graveolens (Apiaceae). Parte usada: semilla. Usos cosméticos tradicionales: Extracto depurativo y antioxidante para la piel; Tónico para pieles congestionadas. Lo que se atribuye a la planta viene del uso tradicional; revisa su ficha para ver qué dicen los estudios.",,floema,"Ficha de planta de El Floema (lib/plantas-data.ts); borrador por verificar con la biblioteca científica","Extractos botánicos","Fotosensibilizante (furanocumarinas) — evitar el sol tras dosis altas · No usar dosis medicinales altas en embarazo ni en enfermedad renal · Posible alergia en sensibles a las Apiáceas · Puede potenciar diuréticos e hipotensores · Contiene furocumarinas: puede fotosensibilizar","semilla",false
"Linum Usitatissimum Seed Extract","Lino · Linaza",,,,"{""Humectante"",""Formador de película"",""Gelificante""}","","","Linum usitatissimum (Linaceae). Parte usada: semilla. Usos cosméticos tradicionales: Gel de linaza para definir rizos y fijar el peinado (natural); Mucílago calmante y emoliente para la piel; Aceite nutritivo rico en omega-3 para pieles secas. Lo que se atribuye a la planta viene del uso tradicional; revisa su ficha para ver qué dicen los estudios.",,floema,"Ficha de planta de El Floema (lib/plantas-data.ts); borrador por verificar con la biblioteca científica","Extractos botánicos","Tomar SIEMPRE con abundante agua — sin líquido puede obstruir el intestino · Contraindicado en obstrucción intestinal · Consumir molida para asimilar los nutrientes (entera pasa sin digerir) · El aceite se oxida rápido — conservar refrigerado · El gel se descompone en pocos días: refrigerar o conservar","semilla",false
"Hibiscus Sabdariffa Flower Extract","Hibisco · Flor de Jamaica",,,,"{""Antioxidante"",""Colorante"",""Astringente""}","","","Hibiscus sabdariffa (Malvaceae). Parte usada: flor (cáliz). Usos cosméticos tradicionales: Exfoliante suave por sus AHA naturales; Tónico antiedad y unificante del tono; Acondicionador y aporte de color natural al cabello. Lo que se atribuye a la planta viene del uso tradicional; revisa su ficha para ver qué dicen los estudios.",,floema,"Ficha de planta de El Floema (lib/plantas-data.ts); borrador por verificar con la biblioteca científica","Extractos botánicos","Baja la presión — precaución en hipotensión y con antihipertensivos · Evitar dosis altas en embarazo (emenagogo) · Su acidez puede molestar en gastritis · Puede reducir la absorción de algunos fármacos — separar","flor (cáliz)",false
"Moringa Oleifera Leaf Extract","Moringa",,,,"{""Antioxidante""}","","","Moringa oleifera (Moringaceae). Parte usada: hoja. Usos cosméticos tradicionales: Aceite de moringa (ben): antiedad, purificante y estable; Extracto de hoja antioxidante para piel y cabello; Regenerador y protector frente a la contaminación. Lo que se atribuye a la planta viene del uso tradicional; revisa su ficha para ver qué dicen los estudios.",,floema,"Ficha de planta de El Floema (lib/plantas-data.ts); borrador por verificar con la biblioteca científica","Extractos botánicos","La RAÍZ y su corteza son tóxicas — usar solo la hoja y la semilla · Evitar los extractos concentrados y la raíz en el embarazo · Puede potenciar hipoglucemiantes e hipotensores · Usar en dosis moderadas · El aceite de la semilla está en Aceites vegetales","hoja",false
"Spirulina Platensis Extract","Espirulina",,,,"{""Antioxidante"",""Colorante""}","","","Arthrospira platensis (Arthrospiraceae (cianobacteria)). Parte usada: microalga. Usos cosméticos tradicionales: Mascarillas detox y revitalizantes; Antioxidante y reafirmante para la piel; Aporte de clorofila y minerales; luminosidad. Lo que se atribuye a la planta viene del uso tradicional; revisa su ficha para ver qué dicen los estudios.",,floema,"Ficha de planta de El Floema (lib/plantas-data.ts); borrador por verificar con la biblioteca científica","Extractos botánicos","Contraindicada en fenilcetonuria (contiene fenilalanina) · Precaución en enfermedades autoinmunes (estimula la inmunidad) · Comprar de fuente certificada: puede contaminarse con toxinas o metales · Consultar en embarazo y con anticoagulantes (vitamina K) · Puede teñir de verde-azul","microalga",false
"Arctium Lappa Root Extract","Bardana · Lampazo",,,,"{""Calmante"",""Antimicrobiano""}","","","Arctium lappa (Asteraceae). Parte usada: raíz. Usos cosméticos tradicionales: Extracto de raíz para piel grasa y acneica (seborregulador y antibacteriano); Tónico capilar contra la caspa y la caída; Activo purificante y antioxidante. Lo que se atribuye a la planta viene del uso tradicional; revisa su ficha para ver qué dicen los estudios.",,floema,"Ficha de planta de El Floema (lib/plantas-data.ts); borrador por verificar con la biblioteca científica","Extractos botánicos","Posible alergia en sensibles a las Asteráceas · Evitar en embarazo (emenagogo) · Puede potenciar hipoglucemiantes y diuréticos · Identificar bien la raíz al recolectar (no confundir con belladona)","raíz",false
"Ugni Molinae Fruit Extract","Murta · Murtilla",,,,"{""Antioxidante""}","","","Ugni molinae (Myrtaceae). Parte usada: fruto. Usos cosméticos tradicionales: Extracto de fruto y hoja antioxidante y antiedad; Astringente suave para pieles mixtas; Aromatizante natural de cosmética. Lo que se atribuye a la planta viene del uso tradicional; revisa su ficha para ver qué dicen los estudios.",,floema,"Ficha de planta de El Floema (lib/plantas-data.ts); borrador por verificar con la biblioteca científica","Extractos botánicos","Sin toxicidad relevante en uso alimentario y tópico habitual · En pieles muy sensibles, probar el extracto diluido","fruto",false
"Berberis Microphylla Fruit Extract","Calafate",,,,"{""Antioxidante"",""Colorante""}","","","Berberis microphylla (Berberidaceae). Parte usada: fruto. Usos cosméticos tradicionales: Extracto de fruto antiedad y fotoprotector; Activo antioxidante para pieles maduras; Colorante natural morado. Lo que se atribuye a la planta viene del uso tradicional; revisa su ficha para ver qué dicen los estudios.",,floema,"Ficha de planta de El Floema (lib/plantas-data.ts); borrador por verificar con la biblioteca científica","Extractos botánicos","La berberina (corteza/raíz) puede interactuar con fármacos: evitar en embarazo y lactancia · Consumir el fruto bien maduro","fruto",false
"Berberis Darwinii Extract","Michay",,,,"{""Antimicrobiano""}","","","Berberis darwinii (Berberidaceae). Parte usada: raíz y corteza. Usos cosméticos tradicionales: Extracto antibacteriano para piel acneica; Colorante amarillo natural; Tónico purificante. Lo que se atribuye a la planta viene del uso tradicional; revisa su ficha para ver qué dicen los estudios.",,floema,"Ficha de planta de El Floema (lib/plantas-data.ts); borrador por verificar con la biblioteca científica","Extractos botánicos","Evitar en embarazo y lactancia (berberina) · Puede interactuar con fármacos y afectar el metabolismo hepático · No usar de forma prolongada · Contiene berberina, un alcaloide: evitar en embarazo","raíz y corteza",false
"Gevuina Avellana Leaf Extract","Avellano Chileno · Gevuina",,,,"{""Emoliente""}","","","Gevuina avellana (Proteaceae). Parte usada: hoja y semilla. Usos cosméticos tradicionales: Aceite facial y corporal de rápida absorción; Fotoprotector y antioxidante natural; Reparador de la barrera cutánea. Lo que se atribuye a la planta viene del uso tradicional; revisa su ficha para ver qué dicen los estudios.",,floema,"Ficha de planta de El Floema (lib/plantas-data.ts); borrador por verificar con la biblioteca científica","Extractos botánicos","Alergia a frutos secos en personas sensibles · Conservar el aceite protegido de luz y calor (se enrancia) · El aceite de la semilla está en Aceites vegetales. Evitar si hay alergia a frutos secos","hoja y semilla",false
"Solanum Ligustrinum Leaf Extract","Natre",,,,"{""Calmante""}","","","Solanum ligustrinum (Solanaceae). Parte usada: hoja. Usos cosméticos tradicionales: Lavados para piel con granos o irritación (uso tradicional, diluido). Lo que se atribuye a la planta viene del uso tradicional; revisa su ficha para ver qué dicen los estudios.",,floema,"Ficha de planta de El Floema (lib/plantas-data.ts); borrador por verificar con la biblioteca científica","Extractos botánicos","Contiene alcaloides (Solanum): no exceder dosis ni uso prolongado · Evitar en embarazo, lactancia y niños · Preferir uso externo; internamente solo con orientación profesional · No confundir con otras solanáceas tóxicas · Solanácea: puede contener alcaloides. Uso tradicional externo; hacer prueba de parche","hoja",false
"Achyrocline Satureioides Extract","Vira Vira",,,,"{""Calmante""}","","","Achyrocline satureioides (Asteraceae). Parte usada: flor y hoja. Usos cosméticos tradicionales: Vapores faciales descongestivos; Extracto antioxidante (flavonoides). Lo que se atribuye a la planta viene del uso tradicional; revisa su ficha para ver qué dicen los estudios.",,floema,"Ficha de planta de El Floema (lib/plantas-data.ts); borrador por verificar con la biblioteca científica","Extractos botánicos","Posible alergia en personas sensibles a las Asteráceas · Evitar dosis altas en embarazo · Tu ficha repite la especie de la marcela; verifica la especie real antes de usarla","flor y hoja",false
"Centella Asiatica Extract","Centella Asiática · Gotu Kola",,,,"{""Cicatrizante"",""Calmante"",""Regenerador""}","","","Centella asiatica (Apiaceae). Parte usada: hoja. Usos cosméticos tradicionales: Sérums reparadores y antiedad (estimula colágeno); Calmante de pieles sensibles y con rojeces; Reafirmante y anticelulítico. Lo que se atribuye a la planta viene del uso tradicional; revisa su ficha para ver qué dicen los estudios.",,floema,"Ficha de planta de El Floema (lib/plantas-data.ts); borrador por verificar con la biblioteca científica","Extractos botánicos","Evitar por vía interna en embarazo y lactancia · Puede causar dermatitis en personas muy sensibles · El uso interno prolongado puede afectar el hígado","hoja",false
"Avena Sativa Kernel Extract","Avena",,,,"{""Calmante"",""Humectante""}","","","Avena sativa (Poaceae). Parte usada: grano. Usos cosméticos tradicionales: Avena coloidal en jabones y cremas calmantes; Mascarillas suavizantes e hidratantes; Limpiador suave para pieles sensibles. Lo que se atribuye a la planta viene del uso tradicional; revisa su ficha para ver qué dicen los estudios.",,floema,"Ficha de planta de El Floema (lib/plantas-data.ts); borrador por verificar con la biblioteca científica","Extractos botánicos","Puede contener gluten por contaminación cruzada (celíacos, uso interno) · Sin riesgo relevante en uso tópico · En productos con agua se contamina con facilidad: necesita conservante","grano",false
"Artemisia Absinthium Extract","Ajenjo",,,,"{""Antimicrobiano""}","","","Artemisia absinthium (Asteraceae). Parte usada: hoja. Usos cosméticos tradicionales: Loción astringente y antiparasitaria (uso externo, diluido); Enjuague capilar tradicional. Lo que se atribuye a la planta viene del uso tradicional; revisa su ficha para ver qué dicen los estudios.",,floema,"Ficha de planta de El Floema (lib/plantas-data.ts); borrador por verificar con la biblioteca científica","Extractos botánicos","Contiene tuyona (neurotóxica): no exceder dosis ni uso prolongado · Contraindicado en embarazo y lactancia · Evitar en epilepsia y en úlcera gástrica · No apto para niños · Contiene tuyona (neurotóxica): no usar aceite esencial ni uso interno prolongado","hoja",false
"Verbena Officinalis Extract","Verbena",,,,"{""Astringente"",""Calmante""}","","","Verbena officinalis (Verbenaceae). Parte usada: sumidad. Usos cosméticos tradicionales: Compresas antiinflamatorias para la piel; Tónico calmante. Lo que se atribuye a la planta viene del uso tradicional; revisa su ficha para ver qué dicen los estudios.",,floema,"Ficha de planta de El Floema (lib/plantas-data.ts); borrador por verificar con la biblioteca científica","Extractos botánicos","Evitar en embarazo (estimula el útero) · Dosis altas pueden causar molestias digestivas · No confundir con la verbena de olor (cedrón, Aloysia)","sumidad",false
"Symphytum Officinale Root Extract","Consuelda",,,,"{""Cicatrizante"",""Calmante""}","","","Symphytum officinale (Boraginaceae). Parte usada: raíz y hoja. Usos cosméticos tradicionales: Ungüentos y cremas reparadoras con alantoína; Bálsamos para piel agrietada; Activo regenerador antiedad (tópico). Lo que se atribuye a la planta viene del uso tradicional; revisa su ficha para ver qué dicen los estudios.",,floema,"Ficha de planta de El Floema (lib/plantas-data.ts); borrador por verificar con la biblioteca científica","Extractos botánicos","Solo uso externo: los alcaloides pirrolizidínicos son hepatotóxicos por vía oral · No aplicar sobre heridas abiertas profundas ni piel muy dañada · Evitar en embarazo y lactancia · No usar de forma prolongada · Contiene alcaloides pirrolizidínicos: solo sobre piel íntegra y sin uso prolongado","raíz y hoja",false
"Ilex Paraguariensis Leaf Extract","Yerba Mate",,,,"{""Antioxidante"",""Estimulante""}","","","Ilex paraguariensis (Aquifoliaceae). Parte usada: hoja. Usos cosméticos tradicionales: Activo anticelulítico y reafirmante (cafeína); Contorno de ojos (descongestiona bolsas); Tónico capilar estimulante. Lo que se atribuye a la planta viene del uso tradicional; revisa su ficha para ver qué dicen los estudios.",,floema,"Ficha de planta de El Floema (lib/plantas-data.ts); borrador por verificar con la biblioteca científica","Extractos botánicos","Contiene cafeína: moderar en hipertensión, ansiedad e insomnio · Evitar el exceso durante el embarazo · El consumo muy caliente y prolongado se asocia a riesgo digestivo","hoja",false